,home_team_name,away_team_name,home_ppg,away_ppg,home_team_goal_count,away_team_goal_count,total_goal_count,total_goals_at_half_time,home_team_goal_count_half_time,home_team_goal_count_half_time,away_team_goal_count_half_time,home_team_corner_count,away_team_corner_count,home_team_red_cards,away_team_red_cards,home_team_shots_on_target,away_team_shots_on_target,home_team_fouls,away_team_fouls,Result
0,Al Fateh,Al Taawon,1.69,1.31,1,1,2,1,0,0,1,-1,-1,0,0,-1,-1,-1,-1,0
1,Al Nassr,Najran,2.62,0.62,2,0,2,0,0,0,0,-1,-1,0,0,-1,-1,-1,-1,2
2,Al Nahdha,Al Shoalah,1.0,1.08,2,2,4,2,1,1,1,-1,-1,0,0,-1,-1,-1,-1,0
3,Al Hilal,Al Orubah,2.54,1.23,3,0,3,0,0,0,0,-1,-1,0,0,-1,-1,-1,-1,3
4,Al Raed,Al Ittifaq,1.23,0.77,2,1,3,2,2,2,0,-1,-1,0,0,-1,-1,-1,-1,1
5,Al Faisaly,Al Ahli,1.62,1.62,1,3,4,1,0,0,1,-1,-1,0,0,-1,-1,-1,-1,-2
6,Al Shabab,Al Ittihad,1.85,0.92,1,4,5,1,1,1,0,-1,-1,0,0,-1,-1,-1,-1,-3
7,Al Ittifaq,Al Hilal,1.23,2.31,1,3,4,3,1,1,2,-1,-1,0,0,-1,-1,-1,-1,-2
8,Al Fateh,Al Nahdha,1.69,0.23,4,0,4,2,2,2,0,-1,-1,0,0,-1,-1,-1,-1,4
9,Al Taawon,Al Faisaly,1.38,0.85,1,1,2,1,1,1,0,-1,-1,0,0,-1,-1,-1,-1,0
10,Najran,Al Raed,1.54,1.0,1,0,1,1,1,1,0,-1,-1,0,0,-1,-1,-1,-1,1
11,Al Shoalah,Al Shabab,0.92,1.0,0,1,1,1,0,0,1,-1,-1,0,1,-1,-1,-1,-1,-1
12,Al Ahli,Al Nassr,1.85,2.38,0,0,0,0,0,0,0,8,3,0,0,4,3,15,14,0
13,Al Orubah,Al Ittihad,1.0,0.92,1,0,1,0,0,0,0,-1,-1,0,1,-1,-1,-1,-1,1
14,Al Ahli,Al Orubah,1.85,1.23,1,1,2,2,1,1,1,14,2,0,0,6,3,10,12,0
15,Al Shabab,Al Raed,1.85,1.0,5,2,7,3,3,3,0,6,1,0,0,8,5,12,18,3
16,Al Ittihad,Al Fateh,1.54,0.46,4,2,6,4,2,2,2,3,9,0,0,3,4,20,14,2
17,Al Ittifaq,Al Shoalah,1.23,1.08,1,0,1,0,0,0,0,5,8,0,0,6,6,14,14,1
18,Najran,Al Taawon,1.54,1.31,1,2,3,1,0,0,1,4,3,0,0,5,0,20,21,-1
19,Al Faisaly,Al Hilal,1.62,2.31,1,3,4,2,1,1,1,-1,-1,0,0,-1,-1,-1,-1,-2
20,Al Nassr,Al Nahdha,2.62,0.23,4,1,5,1,1,1,0,4,2,0,0,7,3,15,18,3
21,Al Hilal,Al Ittihad,2.54,0.92,5,2,7,2,1,1,1,6,9,0,0,5,3,9,6,3
22,Al Raed,Al Nassr,1.23,2.38,0,3,3,2,0,0,2,5,6,0,0,0,2,15,15,-3
23,Al Taawon,Al Ittifaq,1.38,0.77,2,2,4,1,0,0,1,3,5,0,0,3,2,9,19,0
24,Al Shoalah,Najran,0.92,0.62,1,2,3,1,0,0,1,7,5,0,0,3,5,25,15,-1
25,Al Orubah,Al Faisaly,1.0,0.85,1,2,3,0,0,0,0,6,3,0,0,7,6,13,19,-1
26,Al Shabab,Al Fateh,1.85,0.46,1,1,2,1,1,1,0,10,7,0,0,5,3,11,12,0
27,Al Nahdha,Al Ahli,1.0,1.62,1,5,6,2,0,0,2,1,5,0,0,2,3,7,21,-4
28,Al Nassr,Al Shoalah,2.62,1.08,2,0,2,2,2,2,0,-1,-1,0,1,-1,-1,-1,-1,2
29,Najran,Al Ittifaq,1.54,0.77,1,0,1,1,1,1,0,3,6,0,0,8,3,13,18,1
30,Al Ittihad,Al Taawon,1.54,1.31,2,1,3,2,2,2,0,4,8,0,0,4,4,12,11,1
31,Al Faisaly,Al Shabab,1.62,1.0,0,0,0,0,0,0,0,6,8,0,0,4,3,20,10,0
32,Al Ahli,Al Hilal,1.85,2.31,1,1,2,0,0,0,0,10,3,0,0,3,5,13,17,0
33,Al Fateh,Al Orubah,1.69,1.23,0,0,0,0,0,0,0,10,4,0,0,8,4,17,13,0
34,Al Raed,Al Nahdha,1.23,0.23,0,0,0,0,0,0,0,-1,-1,0,0,-1,-1,-1,-1,0
35,Al Fateh,Al Faisaly,1.69,0.85,1,0,1,0,0,0,0,-1,-1,0,0,-1,-1,-1,-1,1
36,Al Ittihad,Al Ahli,1.54,1.62,0,0,0,0,0,0,0,3,9,0,0,2,6,18,15,0
37,Al Nahdha,Najran,1.0,0.62,2,5,7,3,1,1,2,-1,-1,0,0,-1,-1,-1,-1,-3
38,Al Shoalah,Al Taawon,0.92,1.31,1,2,3,1,1,1,0,3,4,1,0,3,3,4,7,-1
39,Al Ittifaq,Al Shabab,1.23,1.0,0,1,1,0,0,0,0,2,5,0,0,5,5,14,15,-1
40,Al Hilal,Al Raed,2.54,1.0,1,2,3,3,1,1,2,17,3,0,0,16,4,14,12,-1
41,Al Orubah,Al Nassr,1.0,2.38,0,0,0,0,0,0,0,-1,-1,0,0,-1,-1,-1,-1,0
42,Al Shabab,Najran,1.85,0.62,5,1,6,4,3,3,1,7,4,0,0,4,8,14,12,4
43,Al Taawon,Al Hilal,1.38,2.31,1,2,3,0,0,0,0,-1,-1,0,0,-1,-1,-1,-1,-1
44,Al Ahli,Al Shoalah,1.85,1.08,5,2,7,3,3,3,0,4,4,2,0,2,0,14,12,3
45,Al Faisaly,Al Ittihad,1.62,0.92,3,0,3,2,2,2,0,-1,-1,0,0,-1,-1,-1,-1,3
46,Al Nassr,Al Fateh,2.62,0.46,1,0,1,0,0,0,0,5,7,1,1,8,7,16,18,1
47,Al Ittifaq,Al Nahdha,1.23,0.23,2,1,3,1,1,1,0,-1,-1,0,0,-1,-1,-1,-1,1
48,Al Raed,Al Orubah,1.23,1.23,1,1,2,1,0,0,1,8,2,1,0,3,3,21,10,0
49,Al Ahli,Al Raed,1.85,1.0,0,0,0,0,0,0,0,12,1,0,0,4,3,17,20,0
50,Al Hilal,Al Shabab,2.54,1.0,4,1,5,2,2,2,0,1,2,0,0,0,3,14,19,3
51,Al Ittihad,Al Ittifaq,1.54,0.77,1,1,2,1,1,1,0,3,4,0,0,4,4,23,19,0
52,Najran,Al Orubah,1.54,1.23,2,0,2,1,1,1,0,-1,-1,0,0,-1,-1,-1,-1,2
53,Al Nahdha,Al Taawon,1.0,1.31,0,2,2,1,0,0,1,4,7,0,0,3,2,8,10,-2
54,Al Shoalah,Al Fateh,0.92,0.46,2,2,4,3,2,2,1,1,5,0,0,6,6,29,13,0
55,Al Faisaly,Al Nassr,1.62,2.38,0,2,2,1,0,0,1,4,7,0,0,0,3,17,8,-2
56,Al Orubah,Al Shoalah,1.0,1.08,2,2,4,0,0,0,0,-1,-1,0,0,-1,-1,-1,-1,0
57,Najran,Al Hilal,1.54,2.31,0,1,1,0,0,0,0,5,9,0,0,2,2,12,14,-1
58,Al Nassr,Al Ittifaq,2.62,0.77,2,2,4,2,1,1,1,5,2,0,0,5,3,13,25,0
59,Al Raed,Al Faisaly,1.23,0.85,1,0,1,0,0,0,0,6,3,2,0,3,3,14,18,1
60,Al Taawon,Al Shabab,1.38,1.0,3,3,6,2,0,0,2,-1,-1,0,0,-1,-1,-1,-1,0
61,Al Fateh,Al Ahli,1.69,1.62,0,3,3,0,0,0,0,1,9,1,0,2,0,14,14,-3
62,Al Nahdha,Al Ittihad,1.0,0.92,4,4,8,2,0,0,2,3,2,0,0,0,4,20,13,0
63,Al Shabab,Al Nahdha,1.85,0.23,6,0,6,3,3,3,0,4,4,0,0,10,6,17,20,6
64,Al Fateh,Najran,1.69,0.62,5,2,7,4,4,4,0,7,3,0,0,0,0,20,11,3
65,Al Ittifaq,Al Orubah,1.23,1.23,0,0,0,0,0,0,0,-1,-1,0,2,-1,-1,-1,-1,0
66,Al Ahli,Al Taawon,1.85,1.31,1,2,3,1,0,0,1,15,0,0,0,10,2,10,11,-1
67,Al Hilal,Al Nassr,2.54,2.38,1,2,3,1,0,0,1,-1,-1,0,0,-1,-1,-1,-1,-1
68,Al Raed,Al Ittihad,1.23,0.92,1,4,5,2,0,0,2,-1,-1,1,0,-1,-1,-1,-1,-3
69,Al Faisaly,Al Shoalah,1.62,1.08,2,0,2,0,0,0,0,11,5,0,0,0,2,15,19,2
70,Al Shabab,Al Ahli,1.85,1.62,1,0,1,0,0,0,0,6,8,0,0,6,8,13,17,1
71,Al Orubah,Al Nahdha,1.0,0.23,1,1,2,2,1,1,1,-1,-1,0,0,-1,-1,-1,-1,0
72,Najran,Al Faisaly,1.54,0.85,1,0,1,0,0,0,0,9,4,0,0,8,6,10,11,1
73,Al Ittihad,Al Nassr,1.54,2.38,0,3,3,1,0,0,1,2,8,0,0,2,4,26,10,-3
74,Al Taawon,Al Raed,1.38,1.0,2,1,3,0,0,0,0,-1,-1,0,0,-1,-1,-1,-1,1
75,Al Shoalah,Al Hilal,0.92,2.31,2,2,4,0,0,0,0,2,8,0,0,0,10,20,8,0
76,Al Ittifaq,Al Fateh,1.23,0.46,2,0,2,0,0,0,0,2,4,0,0,4,2,15,6,2
77,Al Fateh,Al Raed,1.69,1.0,2,2,4,3,1,1,2,3,5,0,0,2,2,27,15,0
78,Al Taawon,Al Orubah,1.38,1.23,0,1,1,1,0,0,1,9,5,0,1,5,0,11,14,-1
79,Al Nahdha,Al Hilal,1.0,2.31,1,2,3,2,1,1,1,2,4,0,0,0,3,17,20,-1
80,Al Faisaly,Al Ittifaq,1.62,0.77,0,3,3,2,0,0,2,-1,-1,1,0,-1,-1,-1,-1,-3
81,Al Shoalah,Al Ittihad,0.92,0.92,2,1,3,2,1,1,1,5,3,0,0,9,8,20,9,1
82,Al Nassr,Al Shabab,2.62,1.0,3,2,5,0,0,0,0,8,7,0,1,7,8,12,18,1
83,Al Ahli,Najran,1.85,0.62,3,2,5,4,2,2,2,8,2,0,0,4,3,17,12,1
84,Al Nassr,Al Taawon,2.62,1.31,2,1,3,1,1,1,0,4,3,0,0,9,6,14,12,1
85,Al Raed,Al Shoalah,1.23,1.08,0,1,1,1,0,0,1,-1,-1,0,0,-1,-1,-1,-1,-1
86,Al Orubah,Al Shabab,1.0,1.0,1,1,2,1,0,0,1,5,5,0,0,4,8,15,8,0
87,Al Ittifaq,Al Ahli,1.23,1.62,2,0,2,2,2,2,0,5,6,0,2,7,5,26,13,2
88,Al Hilal,Al Fateh,2.54,0.46,2,0,2,1,1,1,0,4,4,0,0,9,9,18,16,2
89,Al Ittihad,Najran,1.54,0.62,3,2,5,1,1,1,0,9,7,0,0,8,4,12,12,1
90,Al Nahdha,Al Faisaly,1.0,0.85,0,0,0,0,0,0,0,7,6,0,0,4,4,13,13,0
91,Al Ittifaq,Al Raed,1.23,1.0,0,1,1,0,0,0,0,7,1,0,0,6,2,12,18,-1
92,Najran,Al Nassr,1.54,2.38,2,3,5,3,1,1,2,5,2,0,0,5,2,25,17,-1
93,Al Ahli,Al Faisaly,1.85,0.85,1,1,2,1,0,0,1,11,3,1,0,8,6,11,27,0
94,Al Shoalah,Al Nahdha,0.92,0.23,0,0,0,0,0,0,0,6,2,0,0,7,3,13,17,0
95,Al Taawon,Al Fateh,1.38,0.46,1,0,1,0,0,0,0,0,8,0,0,2,7,15,16,1
96,Al Orubah,Al Hilal,1.0,2.31,2,3,5,1,1,1,0,2,13,0,0,6,14,10,7,-1
97,Al Ittihad,Al Shabab,1.54,1.0,1,1,2,1,1,1,0,2,6,1,0,3,4,19,14,0
98,Al Shabab,Al Shoalah,1.85,1.08,1,3,4,2,1,1,1,9,2,0,0,8,5,14,13,-2
99,Al Faisaly,Al Taawon,1.62,1.31,0,0,0,0,0,0,0,4,3,0,0,5,4,14,15,0
100,Al Nahdha,Al Fateh,1.0,0.46,1,2,3,1,0,0,1,4,4,0,0,4,5,14,22,-1
101,Al Hilal,Al Ittifaq,2.54,0.77,5,1,6,3,2,2,1,8,2,0,1,5,8,11,10,4
102,Al Raed,Najran,1.23,0.62,1,0,1,0,0,0,0,3,2,0,0,4,6,18,19,1
103,Al Ittihad,Al Orubah,1.54,1.23,0,0,0,0,0,0,0,5,6,0,0,3,6,19,17,0
104,Al Nassr,Al Ahli,2.62,1.62,3,1,4,2,1,1,1,3,2,1,2,8,5,9,23,2
105,Al Fateh,Al Ittihad,1.69,0.92,1,1,2,0,0,0,0,2,3,0,0,2,4,17,15,0
106,Al Raed,Al Shabab,1.23,1.0,0,0,0,0,0,0,0,2,7,0,0,5,6,15,13,0
107,Al Hilal,Al Faisaly,2.54,0.85,2,1,3,2,1,1,1,12,3,0,0,12,4,12,6,1
108,Al Shoalah,Al Ittifaq,0.92,0.77,4,0,4,1,1,1,0,-1,-1,0,0,-1,-1,-1,-1,4
109,Al Taawon,Najran,1.38,0.62,2,0,2,0,0,0,0,-1,-1,0,0,-1,-1,-1,-1,2
110,Al Orubah,Al Ahli,1.0,1.62,0,4,4,1,0,0,1,-1,-1,0,0,-1,-1,-1,-1,-4
111,Al Nahdha,Al Nassr,1.0,2.38,1,4,5,1,0,0,1,3,2,0,0,5,2,29,14,-3
112,Najran,Al Shoalah,1.54,1.08,0,1,1,1,0,0,1,5,1,0,1,8,0,28,26,-1
113,Al Ittifaq,Al Taawon,1.23,1.31,3,3,6,2,2,2,0,7,2,0,0,3,3,15,11,0
114,Al Ittihad,Al Hilal,1.54,2.31,2,2,4,3,2,2,1,4,4,0,0,7,6,15,16,0
115,Al Fateh,Al Shabab,1.69,1.0,2,1,3,1,1,1,0,5,3,0,0,0,3,18,3,1
116,Al Nassr,Al Raed,2.62,1.0,3,0,3,1,1,1,0,10,2,0,1,6,2,11,17,3
117,Al Faisaly,Al Orubah,1.62,1.23,1,1,2,2,1,1,1,-1,-1,0,1,-1,-1,-1,-1,0
118,Al Ahli,Al Nahdha,1.85,0.23,3,1,4,2,1,1,1,12,0,0,0,5,0,13,13,2
119,Al Shoalah,Al Nassr,0.92,2.38,0,3,3,0,0,0,0,5,6,1,0,5,8,16,10,-3
120,Al Taawon,Al Ittihad,1.38,0.92,1,1,2,1,0,0,1,-1,-1,0,0,-1,-1,-1,-1,0
121,Al Ittifaq,Najran,1.23,0.62,0,0,0,0,0,0,0,8,1,0,0,5,3,17,7,0
122,Al Hilal,Al Ahli,2.54,1.62,1,0,1,1,1,1,0,3,14,0,0,7,5,12,12,1
123,Al Shabab,Al Faisaly,1.85,0.85,4,3,7,2,0,0,2,15,1,0,0,10,4,7,20,1
124,Al Orubah,Al Fateh,1.0,0.46,2,1,3,1,0,0,1,-1,-1,0,0,-1,-1,-1,-1,1
125,Al Nahdha,Al Raed,1.0,1.0,1,0,1,0,0,0,0,5,4,0,0,5,3,31,12,1
126,Al Shabab,Al Ittifaq,1.85,0.77,0,0,0,0,0,0,0,6,5,0,0,9,8,14,26,0
127,Al Faisaly,Al Fateh,1.62,0.46,2,1,3,1,0,0,1,-1,-1,0,0,-1,-1,-1,-1,1
128,Al Taawon,Al Shoalah,1.38,1.08,0,1,1,0,0,0,0,-1,-1,0,0,-1,-1,-1,-1,-1
129,Al Ahli,Al Ittihad,1.85,0.92,2,1,3,2,2,2,0,3,3,0,0,5,9,13,16,1
130,Al Raed,Al Hilal,1.23,2.31,0,1,1,0,0,0,0,-1,-1,0,0,-1,-1,-1,-1,-1
131,Najran,Al Nahdha,1.54,0.23,5,1,6,2,1,1,1,-1,-1,0,0,-1,-1,-1,-1,4
132,Al Nassr,Al Orubah,2.62,1.23,2,1,3,1,0,0,1,10,2,0,0,11,6,11,18,1
133,Al Fateh,Al Nassr,1.69,2.38,1,2,3,1,1,1,0,-1,-1,0,0,-1,-1,-1,-1,-1
134,Al Hilal,Al Taawon,2.54,1.31,1,0,1,1,1,1,0,-1,-1,0,0,-1,-1,-1,-1,1
135,Al Shoalah,Al Ahli,0.92,1.62,1,1,2,1,0,0,1,1,6,1,0,2,5,18,22,0
136,Al Orubah,Al Raed,1.0,1.0,0,0,0,0,0,0,0,-1,-1,1,0,-1,-1,-1,-1,0
137,Al Nahdha,Al Ittifaq,1.0,0.77,2,0,2,1,1,1,0,-1,-1,0,0,-1,-1,-1,-1,2
138,Najran,Al Shabab,1.54,1.0,1,1,2,1,0,0,1,3,8,2,0,4,6,14,15,0
139,Al Ittihad,Al Faisaly,1.54,0.85,1,2,3,2,1,1,1,6,8,0,0,4,4,19,12,-1
140,Al Raed,Al Ahli,1.23,1.62,0,1,1,0,0,0,0,-1,-1,0,0,-1,-1,-1,-1,-1
141,Al Shabab,Al Hilal,1.85,2.31,1,0,1,0,0,0,0,3,3,0,0,5,6,12,16,1
142,Al Orubah,Najran,1.0,0.62,1,1,2,1,1,1,0,-1,-1,0,0,-1,-1,-1,-1,0
143,Al Fateh,Al Shoalah,1.69,1.08,3,1,4,0,0,0,0,4,1,0,0,3,0,17,20,2
144,Al Taawon,Al Nahdha,1.38,0.23,4,1,5,2,2,2,0,2,5,0,0,3,4,17,10,3
145,Al Nassr,Al Faisaly,2.62,0.85,4,0,4,1,1,1,0,2,6,0,0,11,8,18,10,4
146,Al Ittifaq,Al Ittihad,1.23,0.92,2,5,7,4,1,1,3,-1,-1,0,0,-1,-1,-1,-1,-3
147,Al Faisaly,Al Raed,1.62,1.0,3,2,5,1,1,1,0,-1,-1,0,0,-1,-1,-1,-1,1
148,Al Shoalah,Al Orubah,0.92,1.23,1,2,3,0,0,0,0,-1,-1,0,0,-1,-1,-1,-1,-1
149,Al Shabab,Al Taawon,1.85,1.31,1,0,1,1,1,1,0,9,3,0,0,3,5,15,14,1
150,Al Hilal,Najran,2.54,0.62,2,0,2,0,0,0,0,12,2,0,0,10,6,10,8,2
151,Al Ittifaq,Al Nassr,1.23,2.38,1,2,3,3,1,1,2,4,0,0,0,4,3,23,15,-1
152,Al Ittihad,Al Nahdha,1.54,0.23,2,1,3,3,2,2,1,2,3,0,0,4,4,23,12,1
153,Al Ahli,Al Fateh,1.85,0.46,4,0,4,3,3,3,0,5,4,0,0,5,5,14,8,4
154,Al Nahdha,Al Shabab,1.0,1.0,4,1,5,1,1,1,0,5,6,0,2,7,10,18,15,3
155,Najran,Al Fateh,1.54,0.46,1,1,2,1,1,1,0,-1,-1,1,0,-1,-1,-1,-1,0
156,Al Ittihad,Al Raed,1.54,1.0,1,2,3,1,0,0,1,8,3,0,0,5,3,15,14,-1
157,Al Nassr,Al Hilal,2.62,2.31,3,4,7,3,1,1,2,17,1,0,1,6,5,11,12,-1
158,Al Taawon,Al Ahli,1.38,1.62,1,1,2,1,0,0,1,3,6,0,0,2,7,12,13,0
159,Al Shoalah,Al Faisaly,0.92,0.85,1,1,2,0,0,0,0,3,8,0,0,3,4,17,6,0
160,Al Orubah,Al Ittifaq,1.0,0.77,1,4,5,3,1,1,2,5,4,0,0,8,4,13,14,-3
161,Al Raed,Al Taawon,1.23,1.31,0,0,0,0,0,0,0,-1,-1,0,0,-1,-1,-1,-1,0
162,Al Nahdha,Al Orubah,1.0,1.23,2,2,4,1,1,1,0,-1,-1,0,1,-1,-1,-1,-1,0
163,Al Faisaly,Najran,1.62,0.62,1,0,1,1,1,1,0,-1,-1,0,0,-1,-1,-1,-1,1
164,Al Nassr,Al Ittihad,2.62,0.92,3,1,4,3,3,3,0,-1,-1,0,0,-1,-1,-1,-1,2
165,Al Hilal,Al Shoalah,2.54,1.08,2,0,2,1,1,1,0,4,2,0,0,7,5,15,12,2
166,Al Ahli,Al Shabab,1.85,1.0,1,1,2,2,1,1,1,2,3,0,0,3,4,16,13,0
167,Al Fateh,Al Ittifaq,1.69,0.77,2,0,2,1,1,1,0,6,7,0,0,3,2,16,14,2
168,Al Orubah,Al Taawon,1.0,1.31,0,0,0,0,0,0,0,-1,-1,0,0,-1,-1,-1,-1,0
169,Al Raed,Al Fateh,1.23,0.46,2,1,3,2,1,1,1,-1,-1,0,0,-1,-1,-1,-1,1
170,Al Hilal,Al Nahdha,2.54,0.23,6,0,6,2,2,2,0,3,1,0,0,5,8,23,12,6
171,Al Ittifaq,Al Faisaly,1.23,0.85,1,1,2,1,1,1,0,6,2,0,0,3,2,16,7,0
172,Najran,Al Ahli,1.54,1.62,0,5,5,1,0,0,1,-1,-1,0,0,-1,-1,-1,-1,-5
173,Al Ittihad,Al Shoalah,1.54,1.08,4,1,5,1,1,1,0,5,2,0,0,5,2,10,21,3
174,Al Shabab,Al Nassr,1.85,2.38,1,1,2,1,0,0,1,5,6,0,0,8,4,8,14,0
175,Al Shabab,Al Orubah,1.85,1.23,1,3,4,2,0,0,2,4,4,0,0,5,9,8,11,-2
176,Al Ahli,Al Ittifaq,1.85,0.77,2,1,3,2,1,1,1,7,3,0,0,4,2,10,16,1
177,Al Shoalah,Al Raed,0.92,1.0,1,1,2,1,0,0,1,-1,-1,0,0,-1,-1,-1,-1,0
178,Al Taawon,Al Nassr,1.38,2.38,1,1,2,1,0,0,1,5,9,0,0,2,3,17,9,0
179,Najran,Al Ittihad,1.54,0.92,2,0,2,0,0,0,0,-1,-1,0,0,-1,-1,-1,-1,2
180,Al Faisaly,Al Nahdha,1.62,0.23,2,1,3,1,1,1,0,-1,-1,0,0,-1,-1,-1,-1,1
181,Al Fateh,Al Hilal,1.69,2.31,0,1,1,1,0,0,1,3,1,0,0,4,3,7,18,-1
182,Al Ittihad,Al Faisaly,2.0,1.15,2,1,3,0,0,0,0,4,2,0,0,4,2,11,28,1
183,Al Hilal,Al Orubah,2.38,0.15,4,1,5,2,2,2,0,-1,-1,0,0,-1,-1,-1,-1,3
184,Al Shoalah,Al Hilal,1.38,1.77,1,3,4,2,0,0,2,-1,-1,0,0,-1,-1,-1,-1,-2
185,Al Ittihad,Al Fateh,2.0,0.92,1,0,1,1,1,1,0,-1,-1,0,0,-1,-1,-1,-1,1
186,Al Orubah,Al Taawon,1.15,0.92,4,3,7,4,3,3,1,-1,-1,0,0,-1,-1,-1,-1,1
187,Al Faisaly,Al Raed,1.15,0.46,1,0,1,0,0,0,0,-1,-1,1,0,-1,-1,-1,-1,1
188,Al Nassr,Najran,2.31,1.0,4,1,5,1,1,1,0,-1,-1,0,0,-1,-1,-1,-1,3
189,Al Shabab,Al Khaleej,1.54,1.0,2,0,2,1,1,1,0,-1,-1,0,0,-1,-1,-1,-1,2
190,Al Ahli,Hajer,2.23,0.77,6,1,7,2,2,2,0,6,1,0,0,6,0,27,19,5
191,Al Khaleej,Al Shoalah,1.23,0.23,1,1,2,2,1,1,1,-1,-1,0,1,-1,-1,-1,-1,0
192,Hajer,Al Taawon,1.38,0.92,2,0,2,1,1,1,0,-1,-1,0,0,-1,-1,-1,-1,2
193,Al Fateh,Al Shabab,1.62,1.54,0,2,2,1,0,0,1,-1,-1,0,0,-1,-1,-1,-1,-2
194,Najran,Al Ahli,0.85,2.38,1,1,2,2,1,1,1,-1,-1,0,0,-1,-1,-1,-1,0
195,Al Raed,Al Nassr,1.54,2.62,1,2,3,1,0,0,1,-1,-1,0,0,-1,-1,-1,-1,-1
196,Al Fateh,Al Faisaly,1.62,1.15,1,2,3,3,1,1,2,-1,-1,0,0,-1,-1,-1,-1,-1
197,Al Shabab,Hajer,1.54,0.77,2,0,2,1,1,1,0,-1,-1,0,0,-1,-1,-1,-1,2
198,Al Orubah,Al Raed,1.15,0.46,2,1,3,1,1,1,0,-1,-1,0,0,-1,-1,-1,-1,1
199,Al Taawon,Najran,1.23,1.0,0,0,0,0,0,0,0,-1,-1,0,0,-1,-1,-1,-1,0
200,Al Khaleej,Al Nassr,1.23,2.62,0,1,1,1,0,0,1,3,8,1,0,3,6,16,7,-1
201,Al Shoalah,Al Ittihad,1.38,2.0,1,3,4,1,0,0,1,-1,-1,0,0,-1,-1,-1,-1,-2
202,Al Hilal,Al Ahli,2.38,2.38,0,0,0,0,0,0,0,-1,-1,0,0,-1,-1,-1,-1,0
203,Al Faisaly,Hajer,1.15,0.77,2,0,2,0,0,0,0,-1,-1,0,0,-1,-1,-1,-1,2
204,Al Raed,Al Taawon,1.54,0.92,0,0,0,0,0,0,0,-1,-1,0,0,-1,-1,-1,-1,0
205,Al Hilal,Najran,2.38,1.0,2,1,3,2,2,2,0,-1,-1,0,1,-1,-1,-1,-1,1
206,Al Shabab,Al Shoalah,1.54,0.23,2,1,3,2,2,2,0,7,8,0,0,6,11,15,8,1
207,Al Ittihad,Al Orubah,2.0,0.15,2,1,3,1,0,0,1,17,2,0,0,2,0,12,19,1
208,Al Nassr,Al Fateh,2.31,0.92,4,2,6,1,1,1,0,6,4,0,0,7,3,17,12,2
209,Al Ahli,Al Khaleej,2.23,1.0,2,1,3,1,1,1,0,11,3,0,0,6,3,15,8,1
210,Hajer,Al Raed,1.38,0.46,2,1,3,1,0,0,1,-1,-1,0,0,-1,-1,-1,-1,1
211,Al Orubah,Al Faisaly,1.15,1.15,1,1,2,0,0,0,0,-1,-1,0,1,-1,-1,-1,-1,0
212,Al Ahli,Al Shabab,2.23,1.54,0,0,0,0,0,0,0,-1,-1,0,0,-1,-1,-1,-1,0
213,Al Shoalah,Al Nassr,1.38,2.62,1,2,3,1,0,0,1,-1,-1,0,1,-1,-1,-1,-1,-1
214,Al Taawon,Al Fateh,1.23,0.92,1,2,3,2,1,1,1,-1,-1,0,0,-1,-1,-1,-1,-1
215,Najran,Al Ittihad,0.85,2.0,1,2,3,3,1,1,2,-1,-1,0,0,-1,-1,-1,-1,-1
216,Al Hilal,Al Khaleej,2.38,1.0,3,0,3,3,3,3,0,7,6,0,0,11,9,15,13,3
217,Al Fateh,Al Hilal,1.62,1.77,1,2,3,1,0,0,1,-1,-1,1,0,-1,-1,-1,-1,-1
218,Al Raed,Al Ittihad,1.54,2.0,0,1,1,1,0,0,1,-1,-1,0,0,-1,-1,-1,-1,-1
219,Al Shoalah,Al Ahli,1.38,2.38,0,2,2,1,0,0,1,-1,-1,1,0,-1,-1,-1,-1,-2
220,Al Faisaly,Al Taawon,1.15,0.92,2,2,4,1,1,1,0,-1,-1,0,0,-1,-1,-1,-1,0
221,Al Shabab,Najran,1.54,1.0,2,1,3,1,1,1,0,5,4,0,0,8,10,16,17,1
222,Al Khaleej,Hajer,1.23,0.77,2,2,4,2,1,1,1,-1,-1,0,0,-1,-1,-1,-1,0
223,Al Nassr,Al Orubah,2.31,0.15,2,1,3,1,1,1,0,12,3,0,0,14,4,4,22,1
224,Hajer,Al Orubah,1.38,0.15,1,0,1,0,0,0,0,-1,-1,0,0,-1,-1,-1,-1,1
225,Najran,Al Faisaly,0.85,1.15,0,1,1,0,0,0,0,-1,-1,0,0,-1,-1,-1,-1,-1
226,Al Taawon,Al Shoalah,1.23,0.23,3,0,3,1,1,1,0,-1,-1,0,0,-1,-1,-1,-1,3
227,Al Fateh,Al Raed,1.62,0.46,3,2,5,1,1,1,0,-1,-1,0,0,-1,-1,-1,-1,1
228,Al Ittihad,Al Khaleej,2.0,1.0,2,1,3,1,0,0,1,-1,-1,0,0,-1,-1,-1,-1,1
229,Al Hilal,Al Shabab,2.38,1.54,0,1,1,0,0,0,0,7,1,0,0,8,7,19,11,-1
230,Al Ahli,Al Nassr,2.23,2.62,2,1,3,1,1,1,0,5,7,0,0,4,3,14,5,1
231,Hajer,Najran,1.38,1.0,0,3,3,0,0,0,0,-1,-1,0,0,-1,-1,-1,-1,-3
232,Al Orubah,Al Khaleej,1.15,1.0,2,2,4,1,0,0,1,-1,-1,0,0,-1,-1,-1,-1,0
233,Al Faisaly,Al Shabab,1.15,1.54,1,3,4,2,1,1,1,-1,-1,0,0,-1,-1,-1,-1,-2
234,Al Shoalah,Al Fateh,1.38,0.92,1,0,1,0,0,0,0,-1,-1,0,0,-1,-1,-1,-1,1
235,Al Raed,Al Ahli,1.54,2.38,2,4,6,5,2,2,3,-1,-1,0,0,-1,-1,-1,-1,-2
236,Al Nassr,Al Ittihad,2.31,2.0,2,1,3,0,0,0,0,5,7,1,1,4,6,11,15,1
237,Al Khaleej,Al Fateh,1.23,0.92,2,2,4,1,1,1,0,-1,-1,0,0,-1,-1,-1,-1,0
238,Al Ahli,Al Orubah,2.23,0.15,2,0,2,1,1,1,0,6,2,0,0,3,4,13,28,2
239,Al Shabab,Al Raed,1.54,0.46,0,0,0,0,0,0,0,11,2,1,0,13,3,9,15,0
240,Al Taawon,Al Nassr,1.23,2.62,0,1,1,0,0,0,0,-1,-1,0,0,-1,-1,-1,-1,-1
241,Najran,Al Shoalah,0.85,0.23,3,1,4,1,1,1,0,-1,-1,0,0,-1,-1,-1,-1,2
242,Al Ittihad,Hajer,2.0,0.77,0,1,1,1,0,0,1,-1,-1,0,0,-1,-1,-1,-1,-1
243,Al Fateh,Najran,1.62,1.0,2,1,3,0,0,0,0,-1,-1,0,0,-1,-1,-1,-1,1
244,Al Shoalah,Al Orubah,1.38,0.15,0,0,0,0,0,0,0,-1,-1,1,0,-1,-1,-1,-1,0
245,Al Raed,Al Khaleej,1.54,1.0,1,2,3,2,1,1,1,-1,-1,0,0,-1,-1,-1,-1,-1
246,Al Ahli,Al Faisaly,2.23,1.15,1,1,2,0,0,0,0,-1,-1,0,0,-1,-1,-1,-1,0
247,Al Shabab,Al Taawon,1.54,0.92,1,2,3,1,1,1,0,2,12,1,0,8,7,16,16,-1
248,Hajer,Al Nassr,1.38,2.62,0,4,4,1,0,0,1,-1,-1,2,0,-1,-1,-1,-1,-4
249,Al Ittihad,Al Hilal,2.0,1.77,0,0,0,0,0,0,0,-1,-1,0,0,-1,-1,-1,-1,0
250,Al Khaleej,Najran,1.23,1.0,0,1,1,0,0,0,0,-1,-1,0,1,-1,-1,-1,-1,-1
251,Al Shoalah,Hajer,1.38,0.77,3,1,4,1,1,1,0,-1,-1,0,0,-1,-1,-1,-1,2
252,Al Nassr,Al Faisaly,2.31,1.15,0,0,0,0,0,0,0,11,2,0,1,14,5,12,23,0
253,Al Fateh,Al Ahli,1.62,2.38,0,1,1,1,0,0,1,-1,-1,0,0,-1,-1,-1,-1,-1
254,Al Taawon,Al Ittihad,1.23,2.0,4,3,7,2,2,2,0,-1,-1,0,0,-1,-1,-1,-1,1
255,Al Orubah,Al Shabab,1.15,1.54,0,0,0,0,0,0,0,-1,-1,0,0,-1,-1,-1,-1,0
256,Al Hilal,Al Raed,2.38,0.46,3,1,4,2,2,2,0,8,4,0,0,5,7,18,15,2
257,Al Hilal,Al Taawon,2.38,0.92,3,1,4,4,3,3,1,-1,-1,0,0,-1,-1,-1,-1,2
258,Hajer,Al Fateh,1.38,0.92,2,1,3,1,0,0,1,-1,-1,0,1,-1,-1,-1,-1,1
259,Al Faisaly,Al Khaleej,1.15,1.0,1,2,3,1,0,0,1,-1,-1,0,0,-1,-1,-1,-1,-1
260,Al Taawon,Al Ahli,1.23,2.38,1,4,5,2,0,0,2,-1,-1,0,0,-1,-1,-1,-1,-3
261,Al Ittihad,Al Shabab,2.0,1.54,0,1,1,0,0,0,0,-1,-1,0,0,-1,-1,-1,-1,-1
262,Al Raed,Al Shoalah,1.54,0.23,1,0,1,1,1,1,0,-1,-1,0,0,-1,-1,-1,-1,1
263,Najran,Al Orubah,0.85,0.15,2,0,2,0,0,0,0,-1,-1,0,0,-1,-1,-1,-1,2
264,Al Nassr,Al Hilal,2.31,1.77,1,0,1,0,0,0,0,0,4,1,1,5,4,11,22,1
265,Al Shabab,Al Nassr,1.54,2.62,0,3,3,1,0,0,1,4,7,1,0,4,5,9,14,-3
266,Al Faisaly,Al Shoalah,1.15,0.23,0,0,0,0,0,0,0,-1,-1,0,0,-1,-1,-1,-1,0
267,Hajer,Al Hilal,1.38,1.77,1,1,2,1,1,1,0,2,9,0,0,0,6,15,15,0
268,Al Ahli,Al Ittihad,2.23,2.0,1,1,2,0,0,0,0,-1,-1,0,0,-1,-1,-1,-1,0
269,Al Khaleej,Al Taawon,1.23,0.92,0,3,3,2,0,0,2,10,2,0,0,3,0,18,17,-3
270,Al Orubah,Al Fateh,1.15,0.92,1,2,3,1,0,0,1,-1,-1,0,0,-1,-1,-1,-1,-1
271,Al Raed,Najran,1.54,1.0,3,2,5,3,1,1,2,-1,-1,0,0,-1,-1,-1,-1,1
272,Al Faisaly,Al Hilal,1.15,1.77,2,2,4,2,1,1,1,-1,-1,0,0,-1,-1,-1,-1,0
273,Najran,Al Nassr,0.85,2.62,0,4,4,0,0,0,0,-1,-1,0,0,-1,-1,-1,-1,-4
274,Hajer,Al Ahli,1.38,2.38,0,3,3,3,0,0,3,-1,-1,0,0,-1,-1,-1,-1,-3
275,Al Khaleej,Al Shabab,1.23,1.54,1,0,1,0,0,0,0,1,8,0,0,2,2,27,14,1
276,Al Fateh,Al Ittihad,1.62,2.0,2,2,4,2,2,2,0,3,8,1,0,0,6,18,16,0
277,Al Hilal,Al Shoalah,2.38,0.23,2,1,3,2,1,1,1,4,1,0,0,7,6,13,12,1
278,Al Raed,Al Faisaly,1.54,1.15,2,1,3,1,0,0,1,-1,-1,0,0,-1,-1,-1,-1,1
279,Al Taawon,Al Orubah,1.23,0.15,1,1,2,1,0,0,1,-1,-1,0,0,-1,-1,-1,-1,0
280,Al Faisaly,Al Ittihad,1.15,2.0,0,3,3,2,0,0,2,-1,-1,0,0,-1,-1,-1,-1,-3
281,Al Taawon,Hajer,1.23,0.77,3,1,4,1,1,1,0,-1,-1,0,0,-1,-1,-1,-1,2
282,Al Shabab,Al Fateh,1.54,0.92,2,2,4,1,0,0,1,8,4,0,0,10,5,15,24,0
283,Al Shoalah,Al Khaleej,1.38,1.0,1,1,2,1,0,0,1,-1,-1,1,0,-1,-1,-1,-1,0
284,Al Nassr,Al Raed,2.31,0.46,2,2,4,2,1,1,1,15,4,0,0,20,3,25,14,0
285,Al Orubah,Al Hilal,1.15,1.77,1,0,1,0,0,0,0,-1,-1,0,0,-1,-1,-1,-1,1
286,Najran,Al Taawon,0.85,0.92,0,1,1,1,0,0,1,-1,-1,0,0,-1,-1,-1,-1,-1
287,Hajer,Al Shabab,1.38,1.54,4,4,8,2,1,1,1,6,1,0,0,0,0,15,11,0
288,Al Faisaly,Al Fateh,1.15,0.92,4,2,6,2,2,2,0,-1,-1,0,0,-1,-1,-1,-1,2
289,Al Ittihad,Al Shoalah,2.0,0.23,3,2,5,4,3,3,1,-1,-1,1,0,-1,-1,-1,-1,1
290,Al Nassr,Al Khaleej,2.31,1.0,4,1,5,2,1,1,1,12,4,0,0,12,6,15,25,3
291,Al Raed,Al Orubah,1.54,0.15,2,1,3,1,1,1,0,-1,-1,0,0,-1,-1,-1,-1,1
292,Al Ahli,Al Hilal,2.23,1.77,1,1,2,1,0,0,1,-1,-1,0,0,-1,-1,-1,-1,0
293,Al Orubah,Al Ittihad,1.15,2.0,0,1,1,0,0,0,0,-1,-1,0,0,-1,-1,-1,-1,-1
294,Najran,Al Hilal,0.85,1.77,0,2,2,1,0,0,1,-1,-1,0,0,-1,-1,-1,-1,-2
295,Al Shoalah,Al Shabab,1.38,1.54,1,2,3,2,0,0,2,-1,-1,0,0,-1,-1,-1,-1,-1
296,Al Fateh,Al Nassr,1.62,2.62,1,1,2,0,0,0,0,-1,-1,0,0,-1,-1,-1,-1,0
297,Al Khaleej,Al Ahli,1.23,2.38,1,1,2,1,1,1,0,-1,-1,0,0,-1,-1,-1,-1,0
298,Al Taawon,Al Raed,1.23,0.46,3,1,4,0,0,0,0,-1,-1,0,0,-1,-1,-1,-1,2
299,Hajer,Al Faisaly,1.38,1.15,0,2,2,1,0,0,1,-1,-1,0,0,-1,-1,-1,-1,-2
300,Al Raed,Hajer,1.54,0.77,2,1,3,0,0,0,0,-1,-1,0,0,-1,-1,-1,-1,1
301,Al Faisaly,Al Orubah,1.15,0.15,2,0,2,0,0,0,0,-1,-1,0,0,-1,-1,-1,-1,2
302,Al Ittihad,Najran,2.0,1.0,2,1,3,2,1,1,1,-1,-1,0,0,-1,-1,-1,-1,1
303,Al Fateh,Al Taawon,1.62,0.92,2,0,2,1,1,1,0,-1,-1,0,0,-1,-1,-1,-1,2
304,Al Khaleej,Al Hilal,1.23,1.77,0,1,1,0,0,0,0,-1,-1,0,0,-1,-1,-1,-1,-1
305,Al Nassr,Al Shoalah,2.31,0.23,5,0,5,2,2,2,0,5,2,0,0,17,4,13,17,5
306,Al Shabab,Al Ahli,1.54,2.38,2,3,5,3,2,2,1,-1,-1,0,0,-1,-1,-1,-1,-1
307,Al Ahli,Najran,2.23,1.0,2,1,3,1,1,1,0,-1,-1,1,0,-1,-1,-1,-1,1
308,Al Orubah,Al Nassr,1.15,2.62,0,2,2,2,0,0,2,-1,-1,0,0,-1,-1,-1,-1,-2
309,Al Taawon,Al Faisaly,1.23,1.15,0,1,1,0,0,0,0,-1,-1,1,0,-1,-1,-1,-1,-1
310,Al Hilal,Al Fateh,2.38,0.92,3,0,3,1,1,1,0,4,1,0,0,2,2,10,9,3
311,Najran,Al Shabab,0.85,1.54,2,1,3,1,1,1,0,-1,-1,0,0,-1,-1,-1,-1,1
312,Al Ahli,Al Shoalah,2.23,0.23,3,0,3,1,1,1,0,-1,-1,0,0,-1,-1,-1,-1,3
313,Hajer,Al Khaleej,1.38,1.0,1,1,2,1,0,0,1,6,4,0,0,0,3,21,18,0
314,Al Ittihad,Al Raed,2.0,0.46,3,1,4,1,1,1,0,-1,-1,0,0,-1,-1,-1,-1,2
315,Al Orubah,Hajer,1.15,0.77,2,3,5,2,1,1,1,-1,-1,0,0,-1,-1,-1,-1,-1
316,Al Khaleej,Al Ittihad,1.23,2.0,0,1,1,0,0,0,0,5,4,0,0,3,3,11,18,-1
317,Al Raed,Al Fateh,1.54,0.92,2,3,5,2,0,0,2,-1,-1,0,0,-1,-1,-1,-1,-1
318,Al Shoalah,Al Taawon,1.38,0.92,4,3,7,1,1,1,0,-1,-1,0,1,-1,-1,-1,-1,1
319,Al Faisaly,Najran,1.15,1.0,0,1,1,1,0,0,1,-1,-1,0,0,-1,-1,-1,-1,-1
320,Al Shabab,Al Hilal,1.54,1.77,0,1,1,1,0,0,1,5,14,0,0,2,4,11,16,-1
321,Al Nassr,Al Ahli,2.31,2.38,3,4,7,3,2,2,1,6,5,0,0,8,10,10,15,-1
322,Al Shabab,Al Faisaly,1.54,1.15,2,1,3,1,1,1,0,7,3,0,0,6,3,15,20,1
323,Al Ahli,Al Raed,2.23,0.46,1,0,1,1,1,1,0,-1,-1,0,0,-1,-1,-1,-1,1
324,Al Fateh,Al Shoalah,1.62,0.23,0,0,0,0,0,0,0,-1,-1,0,0,-1,-1,-1,-1,0
325,Al Khaleej,Al Orubah,1.23,0.15,2,0,2,1,1,1,0,-1,-1,0,0,-1,-1,-1,-1,2
326,Al Taawon,Al Hilal,1.23,1.77,0,1,1,0,0,0,0,-1,-1,0,0,-1,-1,-1,-1,-1
327,Al Ittihad,Al Nassr,2.0,2.62,1,3,4,1,1,1,0,-1,-1,0,0,-1,-1,-1,-1,-2
328,Hajer,Al Ittihad,1.38,2.0,0,1,1,1,0,0,1,3,15,0,0,2,3,15,12,-1
329,Al Shoalah,Najran,1.38,1.0,2,1,3,1,0,0,1,-1,-1,0,1,-1,-1,-1,-1,1
330,Al Fateh,Al Khaleej,1.62,1.0,2,0,2,1,1,1,0,5,2,0,0,3,2,8,16,2
331,Al Nassr,Al Taawon,2.31,0.92,2,1,3,1,0,0,1,-1,-1,0,0,-1,-1,-1,-1,1
332,Al Raed,Al Shabab,1.54,1.54,3,1,4,2,2,2,0,-1,-1,1,1,-1,-1,-1,-1,2
333,Al Orubah,Al Ahli,1.15,2.38,1,3,4,2,1,1,1,-1,-1,0,0,-1,-1,-1,-1,-2
334,Al Hilal,Al Faisaly,2.38,1.15,3,0,3,1,1,1,0,2,4,0,0,6,6,25,12,3
335,Al Nassr,Hajer,2.31,0.77,3,0,3,1,1,1,0,5,2,0,0,12,5,3,13,3
336,Al Taawon,Al Shabab,1.23,1.54,1,1,2,1,0,0,1,-1,-1,0,0,-1,-1,-1,-1,0
337,Al Hilal,Al Ittihad,2.38,2.0,3,0,3,1,1,1,0,-1,-1,0,0,-1,-1,-1,-1,3
338,Al Khaleej,Al Raed,1.23,0.46,3,0,3,0,0,0,0,7,1,0,0,2,0,20,13,3
339,Najran,Al Fateh,0.85,0.92,1,1,2,0,0,0,0,-1,-1,0,0,-1,-1,-1,-1,0
340,Al Orubah,Al Shoalah,1.15,0.23,2,0,2,0,0,0,0,-1,-1,0,0,-1,-1,-1,-1,2
341,Al Faisaly,Al Ahli,1.15,2.38,1,4,5,2,0,0,2,-1,-1,2,0,-1,-1,-1,-1,-3
342,Hajer,Al Shoalah,1.38,0.23,2,1,3,2,2,2,0,1,7,0,0,4,7,20,15,1
343,Najran,Al Khaleej,0.85,1.0,1,4,5,2,0,0,2,-1,-1,0,0,-1,-1,-1,-1,-3
344,Al Shabab,Al Orubah,1.54,0.15,3,0,3,1,1,1,0,5,7,0,0,8,11,19,16,3
345,Al Faisaly,Al Nassr,1.15,2.62,1,5,6,5,1,1,4,-1,-1,1,0,-1,-1,-1,-1,-4
346,Al Raed,Al Hilal,1.54,1.77,1,1,2,1,0,0,1,-1,-1,0,0,-1,-1,-1,-1,0
347,Al Ittihad,Al Taawon,2.0,0.92,4,3,7,4,3,3,1,-1,-1,0,0,-1,-1,-1,-1,1
348,Al Ahli,Al Fateh,2.23,0.92,5,0,5,2,2,2,0,-1,-1,0,0,-1,-1,-1,-1,5
349,Al Khaleej,Al Faisaly,1.23,1.15,4,2,6,0,0,0,0,-1,-1,0,0,-1,-1,-1,-1,2
350,Al Fateh,Hajer,1.62,0.77,3,1,4,2,1,1,1,-1,-1,0,0,-1,-1,-1,-1,2
351,Al Ahli,Al Taawon,2.23,0.92,2,2,4,1,1,1,0,-1,-1,0,0,-1,-1,-1,-1,0
352,Al Orubah,Najran,1.15,1.0,0,1,1,1,0,0,1,-1,-1,1,0,-1,-1,-1,-1,-1
353,Al Shoalah,Al Raed,1.38,0.46,2,2,4,1,1,1,0,-1,-1,0,0,-1,-1,-1,-1,0
354,Al Hilal,Al Nassr,2.38,2.62,0,1,1,1,0,0,1,-1,-1,3,0,-1,-1,-1,-1,-1
355,Al Shabab,Al Ittihad,1.54,2.0,3,4,7,2,1,1,1,-1,-1,1,0,-1,-1,-1,-1,-1
356,Najran,Al Raed,0.85,0.46,1,2,3,2,1,1,1,-1,-1,0,0,-1,-1,-1,-1,-1
357,Al Fateh,Al Orubah,1.62,0.15,1,0,1,1,1,1,0,-1,-1,0,0,-1,-1,-1,-1,1
358,Al Shoalah,Al Faisaly,1.38,1.15,2,1,3,2,2,2,0,-1,-1,0,0,-1,-1,-1,-1,1
359,Al Taawon,Al Khaleej,1.23,1.0,4,4,8,3,1,1,2,-1,-1,0,1,-1,-1,-1,-1,0
360,Al Hilal,Hajer,2.38,0.77,5,1,6,1,1,1,0,-1,-1,0,0,-1,-1,-1,-1,4
361,Al Nassr,Al Shabab,2.31,1.54,0,0,0,0,0,0,0,-1,-1,2,2,-1,-1,-1,-1,0
362,Al Ittihad,Al Ahli,2.0,2.38,1,1,2,0,0,0,0,-1,-1,0,0,-1,-1,-1,-1,0
363,Najran,Hajer,0.85,0.77,1,2,3,1,1,1,0,-1,-1,0,0,-1,-1,-1,-1,-1
364,Al Hilal,Al Wahda,2.08,1.0,2,0,2,2,2,2,0,-1,-1,0,0,-1,-1,-1,-1,2
365,Al Khaleej,Al Fateh,1.0,1.38,0,2,2,2,0,0,2,-1,-1,1,0,-1,-1,-1,-1,-2
366,Najran,Al Ittihad,0.77,2.0,1,2,3,1,0,0,1,-1,-1,0,0,-1,-1,-1,-1,-1
367,Al Taawon,Al Ahli,2.23,2.54,0,0,0,0,0,0,0,6,7,0,0,4,0,18,23,0
368,Al Nassr,Hajer,1.38,0.46,0,0,0,0,0,0,0,8,1,0,0,6,4,11,16,0
369,Al Quadisiya,Al Faisaly,1.31,1.23,1,0,1,1,1,1,0,2,2,0,0,2,2,17,18,1
370,Al Shabab,Al Raed,1.38,0.69,3,1,4,0,0,0,0,5,3,0,0,4,3,14,13,2
371,Al Khaleej,Al Ahli,1.0,2.54,0,4,4,1,0,0,1,5,6,0,1,6,5,18,11,-4
372,Al Raed,Al Ittihad,1.15,2.0,0,2,2,0,0,0,0,2,11,0,0,5,4,16,17,-2
373,Hajer,Al Shabab,0.23,1.62,1,2,3,1,0,0,1,3,6,0,0,5,2,12,16,-1
374,Al Quadisiya,Al Nassr,1.31,1.08,2,2,4,2,0,0,2,5,4,0,0,8,7,11,17,0
375,Al Faisaly,Al Taawon,1.0,1.23,1,2,3,1,1,1,0,5,10,0,1,3,8,16,13,-1
376,Al Fateh,Al Hilal,1.77,2.15,1,2,3,2,1,1,1,1,4,0,0,3,9,14,10,-1
377,Al Wahda,Najran,1.38,0.85,1,1,2,0,0,0,0,-1,-1,0,0,-1,-1,-1,-1,0
378,Al Shabab,Al Khaleej,1.38,1.54,0,0,0,0,0,0,0,5,4,0,0,5,4,13,21,0
379,Al Taawon,Al Quadisiya,2.23,0.85,5,1,6,3,2,2,1,7,6,1,0,4,5,14,16,4
380,Al Ahli,Al Wahda,2.31,1.0,2,0,2,1,1,1,0,14,3,0,0,6,4,13,13,2
381,Al Nassr,Najran,1.38,0.85,2,0,2,1,1,1,0,5,10,0,0,9,13,15,15,2
382,Al Fateh,Hajer,1.77,0.46,1,1,2,0,0,0,0,7,2,0,0,4,5,18,15,0
383,Al Ittihad,Al Faisaly,1.77,1.23,1,2,3,2,0,0,2,11,7,0,0,6,2,20,11,-1
384,Al Hilal,Al Raed,2.08,0.69,1,0,1,1,1,1,0,-1,-1,0,0,-1,-1,-1,-1,1
385,Hajer,Al Khaleej,0.23,1.54,1,2,3,2,0,0,2,8,1,0,0,5,2,13,23,-1
386,Al Raed,Al Fateh,1.15,1.38,0,0,0,0,0,0,0,5,2,0,0,5,5,7,13,0
387,Al Wahda,Al Faisaly,1.38,1.23,2,2,4,3,2,2,1,7,7,0,0,5,3,20,9,0
388,Al Quadisiya,Al Ittihad,1.31,2.0,1,3,4,2,1,1,1,9,3,1,0,12,4,19,9,-2
389,Najran,Al Shabab,0.77,1.62,0,1,1,0,0,0,0,3,1,1,0,5,4,16,16,-1
390,Al Ahli,Al Nassr,2.31,1.08,4,2,6,3,3,3,0,-1,-1,0,0,-1,-1,-1,-1,2
391,Al Hilal,Al Taawon,2.08,1.23,3,1,4,1,1,1,0,-1,-1,0,0,-1,-1,-1,-1,2
392,Al Quadisiya,Al Raed,1.31,0.69,1,1,2,1,0,0,1,10,3,0,0,8,3,19,14,0
393,Al Khaleej,Al Taawon,1.0,1.23,1,1,2,0,0,0,0,5,8,0,0,8,6,20,10,0
394,Al Faisaly,Hajer,1.0,0.46,3,1,4,2,1,1,1,-1,-1,0,1,-1,-1,-1,-1,2
395,Al Wahda,Al Nassr,1.38,1.08,0,2,2,2,0,0,2,1,6,0,0,7,5,19,7,-2
396,Al Fateh,Al Shabab,1.77,1.62,0,0,0,0,0,0,0,4,2,0,0,7,4,17,22,0
397,Najran,Al Ahli,0.77,2.54,0,1,1,1,0,0,1,5,2,0,0,3,6,21,6,-1
398,Al Ittihad,Al Hilal,1.77,2.15,4,3,7,3,3,3,0,4,6,0,0,4,14,15,13,1
399,Hajer,Al Wahda,0.23,1.0,1,2,3,2,1,1,1,7,3,0,0,4,6,21,18,-1
400,Al Raed,Al Khaleej,1.15,1.54,0,2,2,0,0,0,0,4,4,0,0,5,4,16,18,-2
401,Al Nassr,Al Faisaly,1.38,1.23,0,0,0,0,0,0,0,8,3,0,0,4,5,14,15,0
402,Al Fateh,Al Ittihad,1.77,2.0,1,1,2,2,1,1,1,6,11,0,0,9,6,16,14,0
403,Al Hilal,Al Quadisiya,2.08,0.85,1,0,1,0,0,0,0,5,6,0,0,4,0,16,15,1
404,Al Taawon,Najran,2.23,0.85,4,1,5,2,2,2,0,5,10,0,0,9,6,20,17,3
405,Al Shabab,Al Ahli,1.38,2.54,1,1,2,1,0,0,1,-1,-1,0,0,-1,-1,-1,-1,0
406,Al Khaleej,Najran,1.0,0.85,3,1,4,3,2,2,1,7,2,1,1,6,9,13,15,2
407,Al Fateh,Al Wahda,1.77,1.0,2,0,2,2,2,2,0,13,10,0,0,9,11,8,12,2
408,Al Faisaly,Al Raed,1.0,0.69,2,2,4,1,1,1,0,4,2,0,0,5,4,17,19,0
409,Najran,Hajer,0.77,0.46,2,0,2,0,0,0,0,3,8,0,0,6,8,16,10,2
410,Al Quadisiya,Al Shabab,1.31,1.62,0,1,1,0,0,0,0,5,4,0,0,8,3,15,25,-1
411,Al Hilal,Al Khaleej,2.08,1.54,7,0,7,1,1,1,0,5,2,0,0,5,5,16,13,7
412,Al Taawon,Al Nassr,2.23,1.08,3,3,6,3,1,1,2,-1,-1,0,0,-1,-1,-1,-1,0
413,Al Ittihad,Al Ahli,1.77,2.54,0,3,3,2,0,0,2,7,11,0,0,6,2,16,6,-3
414,Hajer,Al Taawon,0.23,1.23,1,4,5,1,0,0,1,1,3,0,0,3,9,9,15,-3
415,Al Raed,Al Wahda,1.15,1.0,1,0,1,0,0,0,0,6,6,0,0,2,3,12,19,1
416,Al Nassr,Al Fateh,1.38,1.38,3,1,4,1,1,1,0,4,4,0,0,3,6,15,19,2
417,Al Ahli,Al Faisaly,2.31,1.23,1,1,2,0,0,0,0,13,1,0,0,9,0,9,13,0
418,Al Khaleej,Al Ittihad,1.0,2.0,2,2,4,2,1,1,1,3,2,0,0,3,2,16,12,0
419,Al Shabab,Al Hilal,1.38,2.15,0,1,1,1,0,0,1,3,11,0,0,2,7,17,18,-1
420,Najran,Al Quadisiya,0.77,0.85,1,1,2,0,0,0,0,7,4,1,0,2,5,10,10,0
421,Al Raed,Al Nassr,1.15,1.08,0,0,0,0,0,0,0,4,9,0,0,3,3,18,16,0
422,Al Wahda,Al Quadisiya,1.38,0.85,1,0,1,1,1,1,0,2,4,0,0,3,2,20,13,1
423,Al Ahli,Hajer,2.31,0.46,1,0,1,0,0,0,0,15,1,0,0,9,3,15,20,1
424,Al Fateh,Al Taawon,1.77,1.23,1,0,1,0,0,0,0,6,5,1,0,6,6,20,15,1
425,Al Faisaly,Al Khaleej,1.0,1.54,1,2,3,0,0,0,0,8,3,0,0,4,7,7,16,-1
426,Al Hilal,Najran,2.08,0.85,2,0,2,2,2,2,0,4,3,0,0,4,4,8,17,2
427,Al Ittihad,Al Shabab,1.77,1.62,2,1,3,0,0,0,0,6,3,1,0,9,5,27,19,1
428,Najran,Al Faisaly,0.77,1.23,0,1,1,1,0,0,1,2,2,1,0,5,0,21,18,-1
429,Al Taawon,Al Raed,2.23,0.69,2,0,2,0,0,0,0,12,1,0,0,6,2,18,12,2
430,Al Khaleej,Al Nassr,1.0,1.08,1,1,2,0,0,0,0,3,6,0,0,7,6,14,10,0
431,Al Ittihad,Hajer,1.77,0.46,5,0,5,2,2,2,0,9,5,0,0,8,4,16,8,5
432,Al Hilal,Al Ahli,2.08,2.54,1,2,3,1,0,0,1,4,5,0,0,6,3,19,11,-1
433,Al Quadisiya,Al Fateh,1.31,1.38,2,1,3,2,1,1,1,6,1,0,0,6,4,16,18,1
434,Al Wahda,Al Shabab,1.38,1.62,2,1,3,2,2,2,0,2,5,0,0,8,7,13,13,1
435,Hajer,Al Hilal,0.23,2.15,1,5,6,3,1,1,2,0,8,0,0,0,5,13,20,-4
436,Al Shabab,Al Faisaly,1.38,1.23,0,1,1,1,0,0,1,8,4,0,0,12,5,12,25,-1
437,Al Ahli,Al Raed,2.31,0.69,3,1,4,1,1,1,0,6,4,0,0,5,7,16,13,2
438,Al Nassr,Al Ittihad,1.38,2.0,3,0,3,0,0,0,0,4,5,0,0,9,4,7,18,3
439,Al Khaleej,Al Quadisiya,1.0,0.85,0,0,0,0,0,0,0,3,4,0,0,5,3,30,18,0
440,Al Taawon,Al Wahda,2.23,1.0,4,2,6,4,2,2,2,7,3,0,0,9,3,14,16,2
441,Najran,Al Fateh,0.77,1.38,1,3,4,2,1,1,1,3,6,0,1,2,0,11,20,-2
442,Al Quadisiya,Hajer,1.31,0.46,1,1,2,1,1,1,0,4,4,0,0,3,6,24,17,0
443,Al Faisaly,Al Hilal,1.0,2.15,0,1,1,0,0,0,0,2,9,0,0,0,12,11,12,-1
444,Al Shabab,Al Nassr,1.38,1.08,1,0,1,0,0,0,0,3,9,1,0,3,5,21,17,1
445,Al Raed,Najran,1.15,0.85,2,3,5,2,2,2,0,7,11,0,0,4,6,10,18,-1
446,Al Fateh,Al Ahli,1.77,2.54,0,2,2,0,0,0,0,1,6,0,0,4,8,18,10,-2
447,Al Wahda,Al Khaleej,1.38,1.54,0,0,0,0,0,0,0,2,1,0,0,6,6,11,19,0
448,Al Ittihad,Al Taawon,1.77,1.23,4,1,5,0,0,0,0,6,7,3,1,6,9,26,8,3
449,Al Ahli,Al Quadisiya,2.31,0.85,2,0,2,0,0,0,0,2,10,0,0,2,2,12,18,2
450,Al Nassr,Al Hilal,1.38,2.15,1,2,3,2,1,1,1,4,4,0,0,5,8,17,16,-1
451,Al Faisaly,Al Fateh,1.0,1.38,1,2,3,1,0,0,1,3,5,1,0,4,3,15,17,-1
452,Hajer,Al Raed,0.23,0.69,1,2,3,1,0,0,1,6,5,0,0,5,4,14,17,-1
453,Al Wahda,Al Ittihad,1.38,2.0,0,2,2,1,0,0,1,4,1,0,0,4,5,11,15,-2
454,Al Shabab,Al Taawon,1.38,1.23,0,1,1,0,0,0,0,4,10,0,0,4,7,13,13,-1
455,Hajer,Al Nassr,0.23,1.08,0,1,1,0,0,0,0,5,7,0,0,3,8,17,7,-1
456,Al Wahda,Al Hilal,1.38,2.15,1,3,4,1,0,0,1,3,5,0,0,7,6,22,16,-2
457,Al Raed,Al Shabab,1.15,1.62,0,1,1,0,0,0,0,6,7,0,0,5,5,9,13,-1
458,Al Faisaly,Al Quadisiya,1.0,0.85,1,0,1,0,0,0,0,7,3,0,0,3,2,14,15,1
459,Al Ahli,Al Taawon,2.31,1.23,2,2,4,2,1,1,1,2,7,0,0,0,5,16,14,0
460,Al Fateh,Al Khaleej,1.77,1.54,0,0,0,0,0,0,0,7,6,0,0,5,6,17,16,0
461,Al Ittihad,Najran,1.77,0.85,1,0,1,1,1,1,0,2,7,1,0,4,4,23,25,1
462,Al Nassr,Al Quadisiya,1.38,0.85,0,0,0,0,0,0,0,7,3,0,0,4,5,10,9,0
463,Al Ittihad,Al Raed,1.77,0.69,6,2,8,5,4,4,1,8,9,0,0,5,8,16,5,4
464,Al Hilal,Al Fateh,2.08,1.38,3,3,6,1,0,0,1,12,6,0,0,7,4,14,15,0
465,Al Ahli,Al Khaleej,2.31,1.54,1,1,2,2,1,1,1,-1,-1,0,0,-1,-1,-1,-1,0
466,Al Taawon,Al Faisaly,2.23,1.23,3,1,4,1,0,0,1,8,2,0,0,7,7,16,16,2
467,Al Shabab,Hajer,1.38,0.46,3,1,4,3,2,2,1,10,4,0,0,15,5,8,5,2
468,Najran,Al Wahda,0.77,1.0,2,2,4,2,1,1,1,3,4,0,0,2,5,13,20,0
469,Al Khaleej,Al Shabab,1.0,1.62,1,2,3,2,0,0,2,6,3,0,0,5,3,12,15,-1
470,Al Wahda,Al Ahli,1.38,2.54,0,1,1,0,0,0,0,3,10,1,0,4,5,18,14,-1
471,Al Quadisiya,Al Taawon,1.31,1.23,1,2,3,2,1,1,1,4,8,0,0,9,3,10,11,-1
472,Al Raed,Al Hilal,1.15,2.15,0,1,1,0,0,0,0,1,4,0,0,2,11,14,12,-1
473,Najran,Al Nassr,0.77,1.08,4,3,7,5,2,2,3,4,4,0,0,3,4,15,18,1
474,Hajer,Al Fateh,0.23,1.38,1,0,1,1,1,1,0,4,7,0,0,3,5,14,12,1
475,Al Faisaly,Al Ittihad,1.0,2.0,1,3,4,0,0,0,0,5,7,0,0,4,4,13,15,-2
476,Al Taawon,Al Hilal,2.23,2.15,1,0,1,1,1,1,0,0,8,0,0,3,7,16,14,1
477,Al Nassr,Al Ahli,1.38,2.54,1,1,2,2,1,1,1,3,5,0,0,6,5,14,9,0
478,Al Shabab,Najran,1.38,0.85,3,2,5,1,0,0,1,15,9,0,0,9,6,11,16,1
479,Al Ittihad,Al Quadisiya,1.77,0.85,1,1,2,0,0,0,0,7,5,0,4,5,7,11,16,0
480,Al Khaleej,Hajer,1.0,0.46,0,1,1,1,0,0,1,7,1,0,0,4,2,12,13,-1
481,Al Fateh,Al Raed,1.77,0.69,1,0,1,0,0,0,0,6,4,0,0,5,3,11,13,1
482,Al Faisaly,Al Wahda,1.0,1.0,2,1,3,1,0,0,1,8,4,0,0,5,4,17,18,1
483,Al Shabab,Al Fateh,1.38,1.38,1,0,1,0,0,0,0,13,1,0,0,11,5,13,14,1
484,Al Taawon,Al Khaleej,2.23,1.54,2,3,5,2,2,2,0,5,3,0,0,4,0,14,16,-1
485,Hajer,Al Faisaly,0.23,1.23,0,1,1,1,0,0,1,11,6,0,0,8,8,25,16,-1
486,Al Raed,Al Quadisiya,1.15,0.85,2,1,3,2,1,1,1,3,8,0,0,0,7,11,19,1
487,Al Nassr,Al Wahda,1.38,1.0,1,1,2,0,0,0,0,3,5,0,0,4,2,15,18,0
488,Al Ahli,Najran,2.31,0.85,1,2,3,2,1,1,1,-1,-1,0,0,-1,-1,-1,-1,-1
489,Al Hilal,Al Ittihad,2.08,2.0,0,1,1,1,0,0,1,10,3,0,0,8,5,11,20,-1
490,Al Khaleej,Al Raed,1.0,0.69,1,0,1,1,1,1,0,3,5,0,0,6,5,18,10,1
491,Al Wahda,Hajer,1.38,0.46,1,0,1,0,0,0,0,5,4,0,0,3,6,23,19,1
492,Najran,Al Taawon,0.77,1.23,1,1,2,0,0,0,0,8,2,0,0,8,6,17,13,0
493,Al Faisaly,Al Nassr,1.0,1.08,2,2,4,1,0,0,1,3,3,2,0,2,6,26,10,0
494,Al Ittihad,Al Fateh,1.77,1.38,0,0,0,0,0,0,0,6,2,0,0,7,0,21,14,0
495,Al Quadisiya,Al Hilal,1.31,2.15,0,0,0,0,0,0,0,4,9,0,0,4,12,19,12,0
496,Al Ahli,Al Shabab,2.31,1.62,3,1,4,1,1,1,0,5,2,0,0,6,4,16,18,2
497,Al Hilal,Al Nassr,2.08,1.08,2,0,2,1,1,1,0,4,2,0,0,4,3,10,11,2
498,Al Quadisiya,Al Ahli,1.31,2.54,0,2,2,0,0,0,0,3,6,0,0,5,8,11,8,-2
499,Najran,Al Khaleej,0.77,1.54,2,3,5,3,1,1,2,9,5,0,0,7,5,7,15,-1
500,Al Taawon,Al Shabab,2.23,1.62,4,0,4,2,2,2,0,4,12,0,1,5,6,9,11,4
501,Al Fateh,Al Faisaly,1.77,1.23,2,1,3,0,0,0,0,5,5,0,0,5,3,15,12,1
502,Al Raed,Hajer,1.15,0.46,2,1,3,2,1,1,1,6,6,0,1,8,4,12,12,1
503,Al Ittihad,Al Wahda,1.77,1.0,0,2,2,1,0,0,1,8,2,0,0,10,4,19,15,-2
504,Al Raed,Al Faisaly,1.15,1.23,5,0,5,1,1,1,0,2,6,0,0,2,6,10,14,5
505,Al Wahda,Al Fateh,1.38,1.38,1,3,4,2,1,1,1,5,3,0,0,2,3,12,19,-2
506,Al Nassr,Al Taawon,1.38,1.23,3,2,5,3,1,1,2,-1,-1,0,0,-1,-1,-1,-1,1
507,Al Khaleej,Al Hilal,1.0,2.15,0,3,3,2,0,0,2,4,1,0,0,3,5,13,10,-3
508,Al Ahli,Al Ittihad,2.31,2.0,4,2,6,2,2,2,0,6,5,0,0,2,7,12,16,2
509,Hajer,Najran,0.23,0.85,1,2,3,1,0,0,1,-1,-1,0,0,-1,-1,-1,-1,-1
510,Al Shabab,Al Quadisiya,1.38,0.85,0,2,2,1,0,0,1,7,6,0,0,8,4,20,8,-2
511,Al Wahda,Al Raed,1.38,0.69,3,1,4,3,2,2,1,5,4,0,0,5,5,11,8,2
512,Al Quadisiya,Najran,1.31,0.85,4,2,6,1,1,1,0,1,0,0,1,0,0,2,4,2
513,Al Taawon,Hajer,2.23,0.46,4,0,4,2,2,2,0,5,5,0,0,6,3,11,10,4
514,Al Fateh,Al Nassr,1.77,1.08,2,1,3,2,2,2,0,8,7,0,0,6,5,25,12,1
515,Al Faisaly,Al Ahli,1.0,2.54,1,2,3,0,0,0,0,5,5,0,0,2,8,14,21,-1
516,Al Ittihad,Al Khaleej,1.77,1.54,4,1,5,4,3,3,1,9,3,0,0,8,5,17,14,3
517,Al Hilal,Al Shabab,2.08,1.62,1,1,2,1,1,1,0,7,1,0,0,6,3,12,20,0
518,Al Nassr,Al Raed,1.38,0.69,1,2,3,1,0,0,1,12,2,0,0,4,6,19,11,-1
519,Najran,Al Hilal,0.77,2.15,2,3,5,1,0,0,1,6,2,0,0,4,5,18,14,-1
520,Al Khaleej,Al Faisaly,1.0,1.23,2,1,3,1,1,1,0,10,3,1,0,6,0,21,14,1
521,Hajer,Al Ahli,0.23,2.54,0,1,1,0,0,0,0,0,9,0,0,3,6,18,15,-1
522,Al Shabab,Al Ittihad,1.38,2.0,1,2,3,1,0,0,1,6,4,0,0,7,5,13,14,-1
523,Al Quadisiya,Al Wahda,1.31,1.0,1,1,2,1,0,0,1,-1,-1,0,1,-1,-1,-1,-1,0
524,Al Taawon,Al Fateh,2.23,1.38,1,2,3,2,1,1,1,15,2,0,0,8,2,12,16,-1
525,Al Shabab,Al Wahda,1.38,1.0,1,1,2,1,1,1,0,5,9,0,0,3,10,11,13,0
526,Al Faisaly,Najran,1.0,0.85,2,2,4,3,2,2,1,4,8,0,0,4,7,20,13,0
527,Al Raed,Al Taawon,1.15,1.23,1,1,2,1,0,0,1,1,7,0,0,5,9,16,10,0
528,Al Nassr,Al Khaleej,1.38,1.54,1,1,2,1,0,0,1,7,3,0,0,10,4,11,13,0
529,Hajer,Al Ittihad,0.23,2.0,0,5,5,2,0,0,2,-1,-1,0,0,-1,-1,-1,-1,-5
530,Al Ahli,Al Hilal,2.31,2.15,3,1,4,1,0,0,1,-1,-1,0,1,-1,-1,-1,-1,2
531,Al Fateh,Al Quadisiya,1.77,0.85,2,2,4,2,2,2,0,6,8,0,0,3,4,17,6,0
532,Al Hilal,Hajer,2.08,0.46,4,1,5,1,1,1,0,-1,-1,0,0,-1,-1,-1,-1,3
533,Al Faisaly,Al Shabab,1.0,1.62,0,0,0,0,0,0,0,10,7,0,0,0,7,9,11,0
534,Al Raed,Al Ahli,1.15,2.54,2,5,7,3,1,1,2,3,3,0,0,5,5,16,7,-3
535,Al Ittihad,Al Nassr,1.77,1.08,0,5,5,1,0,0,1,2,4,0,0,0,4,30,20,-5
536,Al Quadisiya,Al Khaleej,1.31,1.54,2,0,2,1,1,1,0,-1,-1,0,0,-1,-1,-1,-1,2
537,Al Wahda,Al Taawon,1.38,1.23,2,1,3,2,1,1,1,7,4,0,2,9,4,24,18,1
538,Al Fateh,Najran,1.77,0.85,3,1,4,3,3,3,0,7,6,0,1,4,4,18,8,2
539,Al Hilal,Al Faisaly,2.08,1.23,0,0,0,0,0,0,0,6,4,0,0,6,2,13,15,0
540,Al Taawon,Al Ittihad,2.23,2.0,2,1,3,0,0,0,0,8,4,0,0,7,4,14,23,1
541,Al Ahli,Al Fateh,2.31,1.38,3,2,5,2,2,2,0,3,2,0,0,4,4,6,18,1
542,Al Nassr,Al Shabab,1.38,1.62,1,2,3,2,0,0,2,10,2,0,0,8,5,9,12,-1
543,Al Khaleej,Al Wahda,1.0,1.0,1,4,5,1,0,0,1,9,4,0,0,7,5,20,10,-3
544,Hajer,Al Quadisiya,0.23,0.85,0,2,2,0,0,0,0,4,7,0,0,3,8,9,9,-2
545,Najran,Al Raed,0.77,0.69,3,3,6,3,2,2,1,2,5,0,0,2,4,10,11,0
546,Al Shabab,Al Quadisiya,1.15,0.85,0,0,0,0,0,0,0,-1,-1,0,0,-1,-1,-1,-1,0
547,Al Raed,Al Ittihad,1.92,2.46,2,3,5,0,0,0,0,-1,-1,0,0,-1,-1,-1,-1,-1
548,Al Faisaly,Al Khaleej,1.23,1.0,3,1,4,1,1,1,0,-1,-1,0,0,-1,-1,-1,-1,2
549,Al Wahda,Al Taawon,0.92,0.77,3,2,5,2,1,1,1,-1,-1,0,0,-1,-1,-1,-1,1
550,Al Nassr,Al Fateh,2.31,0.85,4,1,5,2,2,2,0,-1,-1,0,0,-1,-1,-1,-1,3
551,Al Hilal,Al Batin,2.23,0.31,2,0,2,0,0,0,0,7,2,0,0,9,2,6,10,2
552,Al Ittifaq,Al Ahli,1.31,2.0,1,4,5,1,0,0,1,6,5,0,0,5,6,16,9,-3
553,Al Raed,Al Wahda,1.92,0.38,3,1,4,1,1,1,0,-1,-1,0,0,-1,-1,-1,-1,2
554,Al Quadisiya,Al Faisaly,1.31,0.92,1,1,2,1,1,1,0,-1,-1,0,1,-1,-1,-1,-1,0
555,Al Taawon,Al Hilal,1.62,2.85,0,2,2,1,0,0,1,-1,-1,0,0,-1,-1,-1,-1,-2
556,Al Batin,Al Shabab,1.69,1.38,1,0,1,1,1,1,0,-1,-1,0,0,-1,-1,-1,-1,1
557,Al Khaleej,Al Ittihad,0.77,2.46,2,3,5,2,1,1,1,-1,-1,0,2,-1,-1,-1,-1,-1
558,Al Fateh,Al Ahli,1.38,2.0,0,1,1,1,0,0,1,-1,-1,0,0,-1,-1,-1,-1,-1
559,Al Ittifaq,Al Nassr,1.31,1.69,1,0,1,1,1,1,0,-1,-1,0,0,-1,-1,-1,-1,1
560,Al Khaleej,Al Batin,0.77,0.31,2,2,4,1,0,0,1,4,4,0,0,7,4,-1,-1,0
561,Al Taawon,Al Raed,1.62,0.77,2,1,3,1,1,1,0,0,0,0,0,0,0,-1,-1,1
562,Al Hilal,Al Ittifaq,2.23,0.77,1,2,3,0,0,0,0,8,3,0,0,10,10,-1,-1,-1
563,Al Faisaly,Al Fateh,1.23,0.85,0,0,0,0,0,0,0,6,6,0,0,2,6,8,24,0
564,Al Nassr,Al Quadisiya,2.31,0.85,1,0,1,0,0,0,0,5,2,0,0,6,3,12,18,1
565,Al Wahda,Al Ittihad,0.92,2.46,3,5,8,3,1,1,2,5,8,0,0,7,9,-1,-1,-2
566,Al Shabab,Al Ahli,1.15,2.0,3,2,5,1,0,0,1,2,4,0,0,6,4,-1,-1,1
567,Al Ittifaq,Al Batin,1.31,0.31,2,1,3,2,1,1,1,4,2,0,0,6,4,16,9,1
568,Al Raed,Al Fateh,1.92,0.85,3,2,5,2,2,2,0,5,11,0,0,9,5,13,13,1
569,Al Nassr,Al Khaleej,2.31,1.0,0,1,1,0,0,0,0,8,8,0,0,8,5,10,13,-1
570,Al Quadisiya,Al Hilal,1.31,2.85,1,2,3,2,1,1,1,3,8,1,0,6,8,14,9,-1
571,Al Shabab,Al Taawon,1.15,0.77,2,2,4,1,1,1,0,3,3,0,0,6,8,17,15,0
572,Al Faisaly,Al Wahda,1.23,0.38,2,1,3,1,0,0,1,5,1,0,0,3,4,12,21,1
573,Al Ahli,Al Ittihad,2.23,2.46,1,1,2,0,0,0,0,6,5,0,0,4,6,6,12,0
574,Al Khaleej,Al Shabab,0.77,1.38,1,2,3,3,1,1,2,2,4,0,0,5,8,17,10,-1
575,Al Fateh,Al Ittifaq,1.38,0.77,0,0,0,0,0,0,0,5,7,0,0,4,7,17,6,0
576,Al Batin,Al Raed,1.69,0.77,4,0,4,1,1,1,0,3,8,0,1,5,3,11,15,4
577,Al Ittihad,Al Taawon,1.77,0.77,3,1,4,0,0,0,0,10,7,0,0,0,0,16,7,2
578,Al Hilal,Al Faisaly,2.23,0.92,4,0,4,2,2,2,0,5,7,0,0,11,2,18,15,4
579,Al Wahda,Al Nassr,0.92,1.69,0,3,3,2,0,0,2,6,6,0,0,8,8,5,14,-3
580,Al Ahli,Al Quadisiya,2.23,0.85,2,0,2,1,1,1,0,8,5,0,0,8,2,18,12,2
581,Al Taawon,Al Fateh,1.62,0.85,0,0,0,0,0,0,0,3,5,0,0,4,6,13,16,0
582,Al Khaleej,Al Hilal,0.77,2.85,1,6,7,1,0,0,1,8,5,0,0,9,9,9,10,-5
583,Al Ittihad,Al Shabab,1.77,1.38,0,1,1,1,0,0,1,7,5,0,0,0,0,15,15,-1
584,Al Ittifaq,Al Wahda,1.31,0.38,1,3,4,2,1,1,1,12,4,0,0,5,6,14,16,-2
585,Al Batin,Al Quadisiya,1.69,0.85,1,1,2,1,0,0,1,5,3,0,1,7,7,13,21,0
586,Al Raed,Al Faisaly,1.92,0.92,1,0,1,0,0,0,0,4,8,0,0,7,6,26,8,1
587,Al Nassr,Al Ahli,2.31,2.0,1,0,1,0,0,0,0,8,8,0,0,6,5,15,10,1
588,Al Quadisiya,Al Taawon,1.31,0.77,0,1,1,1,0,0,1,4,3,0,0,4,4,11,13,-1
589,Al Raed,Al Ittifaq,1.92,0.77,2,0,2,2,2,2,0,5,5,0,0,5,4,22,10,2
590,Al Hilal,Al Ittihad,2.23,2.46,0,2,2,0,0,0,0,6,3,0,0,4,4,13,11,-2
591,Al Shabab,Al Fateh,1.15,0.85,2,0,2,0,0,0,0,7,4,0,0,8,2,22,14,2
592,Al Wahda,Al Batin,0.92,0.31,5,1,6,3,2,2,1,-1,-1,0,0,-1,-1,-1,-1,4
593,Al Faisaly,Al Nassr,1.23,1.69,1,2,3,3,1,1,2,4,6,0,0,4,6,15,20,-1
594,Al Ahli,Al Khaleej,2.23,1.0,4,1,5,3,2,2,1,12,3,0,0,14,2,9,19,3
595,Al Faisaly,Al Shabab,1.23,1.38,0,1,1,0,0,0,0,3,8,0,0,3,2,16,9,-1
596,Al Nassr,Al Raed,2.31,0.77,3,1,4,1,0,0,1,3,1,0,1,3,2,10,16,2
597,Al Ittihad,Al Batin,1.77,0.31,2,0,2,0,0,0,0,6,5,0,0,9,4,17,10,2
598,Al Quadisiya,Al Khaleej,1.31,1.0,0,0,0,0,0,0,0,5,3,0,0,5,4,14,31,0
599,Al Ahli,Al Wahda,2.23,0.38,4,0,4,1,1,1,0,7,7,0,0,12,5,16,13,4
600,Al Ittifaq,Al Taawon,1.31,0.77,3,0,3,0,0,0,0,3,6,0,0,4,4,16,11,3
601,Al Fateh,Al Hilal,1.38,2.85,0,1,1,0,0,0,0,0,2,0,0,2,3,25,8,-1
602,Al Fateh,Al Quadisiya,1.38,0.85,1,1,2,1,1,1,0,6,3,0,0,5,5,16,15,0
603,Al Taawon,Al Faisaly,1.62,0.92,0,0,0,0,0,0,0,2,4,0,0,5,4,11,17,0
604,Al Khaleej,Al Ittifaq,0.77,0.77,1,2,3,2,1,1,1,2,7,1,0,2,4,16,10,-1
605,Al Shabab,Al Wahda,1.15,0.38,0,0,0,0,0,0,0,7,4,0,1,9,3,12,12,0
606,Al Hilal,Al Raed,2.23,0.77,2,1,3,0,0,0,0,8,0,0,0,6,3,10,11,1
607,Al Batin,Al Ahli,1.69,2.0,0,1,1,1,0,0,1,5,5,0,0,4,4,13,10,-1
608,Al Ittihad,Al Nassr,1.77,1.69,0,1,1,1,0,0,1,8,2,0,0,0,0,14,9,-1
609,Al Ittifaq,Al Faisaly,1.31,0.92,3,1,4,1,0,0,1,5,2,0,0,0,0,18,16,2
610,Al Wahda,Al Khaleej,0.92,1.0,1,2,3,1,1,1,0,2,2,1,0,6,5,9,19,-1
611,Al Batin,Al Fateh,1.69,0.85,1,1,2,0,0,0,0,-1,-1,0,1,-1,-1,-1,-1,0
612,Al Taawon,Al Nassr,1.62,1.69,2,1,3,2,2,2,0,8,7,0,0,4,11,17,14,1
613,Al Ahli,Al Hilal,2.23,2.85,1,2,3,1,0,0,1,2,11,0,0,4,8,15,18,-1
614,Al Raed,Al Shabab,1.92,1.38,2,2,4,1,1,1,0,5,3,0,0,6,7,13,11,0
615,Al Quadisiya,Al Ittihad,1.31,2.46,0,3,3,2,0,0,2,3,8,0,0,4,10,7,17,-3
616,Al Faisaly,Al Ahli,1.23,2.0,3,6,9,4,1,1,3,5,0,0,0,4,3,19,19,-3
617,Al Nassr,Al Batin,2.31,0.31,4,0,4,3,3,3,0,5,4,0,0,14,9,16,14,4
618,Al Quadisiya,Al Raed,1.31,0.77,3,0,3,2,2,2,0,4,6,0,0,6,3,21,15,3
619,Al Ittihad,Al Ittifaq,1.77,0.77,4,1,5,2,1,1,1,6,6,0,0,9,5,15,14,3
620,Al Hilal,Al Shabab,2.23,1.38,3,0,3,1,1,1,0,1,1,0,0,2,3,18,13,3
621,Al Fateh,Al Wahda,1.38,0.38,4,2,6,1,1,1,0,5,5,0,0,5,5,17,10,2
622,Al Khaleej,Al Taawon,0.77,0.77,0,1,1,0,0,0,0,5,6,0,0,2,3,12,8,-1
623,Al Batin,Al Taawon,1.69,0.77,1,0,1,1,1,1,0,1,6,0,2,6,4,11,15,1
624,Al Hilal,Al Wahda,2.23,0.38,6,0,6,2,2,2,0,9,0,0,0,14,2,11,17,6
625,Al Ittifaq,Al Quadisiya,1.31,0.85,2,2,4,2,2,2,0,7,3,0,0,5,5,18,15,0
626,Al Shabab,Al Nassr,1.15,1.69,1,1,2,2,1,1,1,4,8,0,0,6,9,15,7,0
627,Al Ahli,Al Raed,2.23,0.77,1,0,1,0,0,0,0,10,0,0,0,4,6,10,18,1
628,Al Fateh,Al Khaleej,1.38,1.0,2,4,6,2,0,0,2,10,2,0,2,7,7,8,21,-2
629,Al Faisaly,Al Ittihad,1.23,2.46,2,4,6,3,1,1,2,7,3,0,0,6,9,13,15,-2
630,Al Wahda,Al Quadisiya,0.92,0.85,2,5,7,4,1,1,3,2,8,0,0,9,8,17,26,-3
631,Al Batin,Al Faisaly,1.69,0.92,0,0,0,0,0,0,0,8,5,0,0,4,3,15,26,0
632,Al Shabab,Al Ittifaq,1.15,0.77,1,1,2,1,1,1,0,6,2,0,0,9,4,11,16,0
633,Al Raed,Al Khaleej,1.92,1.0,3,2,5,2,1,1,1,4,5,0,0,6,6,15,13,1
634,Al Nassr,Al Hilal,2.31,2.85,1,1,2,2,1,1,1,3,5,0,0,5,7,16,20,0
635,Al Ittihad,Al Fateh,1.77,0.85,3,2,5,3,1,1,2,4,2,1,0,10,6,13,17,1
636,Al Taawon,Al Ahli,1.62,2.0,2,3,5,2,1,1,1,6,11,0,0,2,4,14,17,-1
637,Al Quadisiya,Al Shabab,1.31,1.38,1,1,2,2,1,1,1,5,7,0,0,7,9,22,10,0
638,Al Batin,Al Hilal,1.69,2.85,0,2,2,1,0,0,1,3,7,0,1,4,10,21,11,-2
639,Al Fateh,Al Nassr,1.38,1.69,1,2,3,1,1,1,0,5,4,0,0,4,5,17,11,-1
640,Al Khaleej,Al Faisaly,0.77,0.92,1,1,2,1,1,1,0,2,12,0,0,4,10,20,16,0
641,Al Ahli,Al Ittifaq,2.23,0.77,4,1,5,3,2,2,1,8,1,0,0,9,2,12,12,3
642,Al Taawon,Al Wahda,1.62,0.38,3,1,4,2,2,2,0,2,5,0,0,4,3,18,23,2
643,Al Ittihad,Al Raed,1.77,0.77,3,2,5,1,1,1,0,7,6,0,0,7,4,12,15,1
644,Al Faisaly,Al Quadisiya,1.23,0.85,3,2,5,2,1,1,1,5,6,0,0,5,4,14,24,1
645,Al Shabab,Al Batin,1.15,0.31,3,1,4,1,1,1,0,4,6,0,0,7,3,24,14,2
646,Al Wahda,Al Raed,0.92,0.77,2,1,3,0,0,0,0,5,6,0,1,7,5,10,15,1
647,Al Hilal,Al Taawon,2.23,0.77,4,2,6,4,3,3,1,6,4,0,0,9,4,15,16,2
648,Al Ahli,Al Fateh,2.23,0.85,2,0,2,0,0,0,0,5,5,0,0,10,6,12,16,2
649,Al Nassr,Al Ittifaq,2.31,0.77,2,0,2,0,0,0,0,7,4,0,0,6,4,10,14,2
650,Al Ittihad,Al Khaleej,1.77,1.0,1,1,2,1,1,1,0,8,2,0,0,10,3,15,18,0
651,Al Raed,Al Taawon,1.92,0.77,3,2,5,2,2,2,0,0,8,1,0,4,3,18,10,1
652,Al Quadisiya,Al Nassr,1.31,1.69,3,2,5,3,2,2,1,3,5,0,0,10,7,17,15,1
653,Al Batin,Al Khaleej,1.69,1.0,1,0,1,0,0,0,0,11,5,0,1,7,5,16,17,1
654,Al Fateh,Al Faisaly,1.38,0.92,1,0,1,1,1,1,0,3,10,0,0,6,11,17,13,1
655,Al Ahli,Al Shabab,2.23,1.38,3,1,4,2,1,1,1,4,6,0,0,8,6,12,12,2
656,Al Ittihad,Al Wahda,1.77,0.38,1,0,1,1,1,1,0,5,7,0,1,6,3,20,18,1
657,Al Ittifaq,Al Hilal,1.31,2.85,0,1,1,1,0,0,1,6,5,0,0,5,11,17,10,-1
658,Al Fateh,Al Raed,1.38,0.77,3,1,4,0,0,0,0,4,6,0,0,4,3,11,13,2
659,Al Taawon,Al Shabab,1.62,1.38,2,0,2,1,1,1,0,5,1,0,0,5,7,21,22,2
660,Al Batin,Al Ittifaq,1.69,0.77,2,0,2,1,1,1,0,1,2,0,0,3,4,30,16,2
661,Al Hilal,Al Quadisiya,2.23,0.85,1,1,2,1,0,0,1,6,1,0,1,9,4,11,21,0
662,Al Ittihad,Al Ahli,1.77,2.0,1,4,5,2,1,1,1,7,4,0,0,5,10,14,12,-3
663,Al Wahda,Al Faisaly,0.92,0.92,0,1,1,0,0,0,0,10,1,0,0,5,4,13,18,-1
664,Al Khaleej,Al Nassr,0.77,1.69,0,3,3,2,0,0,2,5,5,0,0,4,10,12,9,-3
665,Al Faisaly,Al Hilal,1.23,2.85,0,2,2,0,0,0,0,5,2,0,0,5,6,13,9,-2
666,Al Quadisiya,Al Ahli,1.31,2.0,4,1,5,2,2,2,0,5,11,0,0,8,5,18,15,3
667,Al Shabab,Al Khaleej,1.15,1.0,1,1,2,0,0,0,0,11,4,0,0,13,5,15,14,0
668,Al Nassr,Al Wahda,2.31,0.38,2,1,3,0,0,0,0,9,3,0,0,16,11,14,17,1
669,Al Ittifaq,Al Fateh,1.31,0.85,2,2,4,1,0,0,1,1,5,0,0,3,5,9,13,0
670,Al Taawon,Al Ittihad,1.62,2.46,1,2,3,0,0,0,0,5,4,0,0,6,2,15,15,-1
671,Al Raed,Al Batin,1.92,0.31,2,1,3,2,2,2,0,7,8,0,0,10,4,13,9,1
672,Al Fateh,Al Taawon,1.38,0.77,0,2,2,0,0,0,0,6,8,0,0,2,3,16,6,-2
673,Al Hilal,Al Khaleej,2.23,1.0,4,0,4,1,1,1,0,14,4,0,0,9,3,8,13,4
674,Al Faisaly,Al Raed,1.23,0.77,1,1,2,1,0,0,1,5,1,0,0,5,6,25,18,0
675,Al Wahda,Al Ittifaq,0.92,0.77,2,1,3,1,1,1,0,3,2,0,0,7,5,15,12,1
676,Al Ahli,Al Nassr,2.23,1.69,0,2,2,1,0,0,1,9,4,1,0,7,8,15,24,-2
677,Al Quadisiya,Al Batin,1.31,0.31,1,1,2,1,0,0,1,7,6,0,0,6,5,13,13,0
678,Al Shabab,Al Ittihad,1.15,2.46,0,2,2,0,0,0,0,3,8,0,0,8,8,9,16,-2
679,Al Ittifaq,Al Raed,1.31,0.77,0,1,1,0,0,0,0,7,5,0,0,5,3,16,9,-1
680,Al Batin,Al Wahda,1.69,0.38,1,1,2,1,1,1,0,8,4,0,0,6,7,18,19,0
681,Al Nassr,Al Faisaly,2.31,0.92,0,0,0,0,0,0,0,6,7,0,0,7,6,14,21,0
682,Al Fateh,Al Shabab,1.38,1.38,1,1,2,2,1,1,1,6,2,0,0,4,2,17,11,0
683,Al Taawon,Al Quadisiya,1.62,0.85,1,3,4,0,0,0,0,5,6,0,0,2,0,7,19,-2
684,Al Khaleej,Al Ahli,0.77,2.0,2,2,4,3,1,1,2,3,12,0,0,5,7,20,7,0
685,Al Ittihad,Al Hilal,1.77,2.85,1,3,4,1,1,1,0,3,4,1,0,5,4,25,10,-2
686,Al Taawon,Al Ittifaq,1.62,0.77,1,0,1,0,0,0,0,13,4,0,1,5,3,11,11,1
687,Al Hilal,Al Fateh,2.23,0.85,1,0,1,0,0,0,0,13,4,0,0,5,2,12,14,1
688,Al Wahda,Al Ahli,0.92,2.0,1,3,4,4,1,1,3,4,3,1,0,4,5,15,12,-2
689,Al Khaleej,Al Quadisiya,0.77,0.85,2,1,3,0,0,0,0,7,7,0,0,8,5,16,15,1
690,Al Shabab,Al Faisaly,1.15,0.92,1,2,3,1,0,0,1,2,3,0,0,3,8,18,13,-1
691,Al Batin,Al Ittihad,1.69,2.46,0,1,1,0,0,0,0,6,4,0,0,7,3,15,21,-1
692,Al Raed,Al Nassr,1.92,1.69,0,1,1,1,0,0,1,3,8,0,0,0,6,11,20,-1
693,Al Quadisiya,Al Fateh,1.31,0.85,1,2,3,2,0,0,2,2,6,0,0,7,7,12,17,-1
694,Al Faisaly,Al Taawon,1.23,0.77,1,0,1,0,0,0,0,4,8,0,0,8,4,34,9,1
695,Al Raed,Al Hilal,1.92,2.85,0,3,3,0,0,0,0,3,8,0,0,2,5,10,10,-3
696,Al Ahli,Al Batin,2.23,0.31,1,1,2,0,0,0,0,4,3,0,0,11,5,12,15,0
697,Al Nassr,Al Ittihad,2.31,2.46,1,1,2,1,0,0,1,13,1,0,0,5,5,9,18,0
698,Al Ittifaq,Al Khaleej,1.31,1.0,3,1,4,2,2,2,0,3,5,0,0,6,5,9,18,2
699,Al Wahda,Al Shabab,0.92,1.38,1,2,3,1,0,0,1,10,3,0,0,9,6,15,16,-1
700,Al Faisaly,Al Ittifaq,1.23,0.77,3,3,6,3,2,2,1,7,2,0,0,10,7,13,19,0
701,Al Shabab,Al Raed,1.15,0.77,1,2,3,0,0,0,0,5,5,0,0,10,6,9,12,-1
702,Al Khaleej,Al Wahda,0.77,0.38,4,2,6,4,3,3,1,4,13,0,0,6,8,24,10,2
703,Al Ittihad,Al Quadisiya,1.77,0.85,4,2,6,3,2,2,1,9,5,0,0,11,8,17,17,2
704,Al Fateh,Al Batin,1.38,0.31,3,2,5,2,1,1,1,7,0,0,0,4,3,18,10,1
705,Al Nassr,Al Taawon,2.31,0.77,2,1,3,1,0,0,1,6,3,0,0,6,5,18,13,1
706,Al Hilal,Al Ahli,2.23,2.0,0,0,0,0,0,0,0,13,6,0,0,11,2,17,23,0
707,Al Taawon,Al Khaleej,1.62,1.0,0,0,0,0,0,0,0,-1,-1,0,0,-1,-1,-1,-1,0
708,Al Wahda,Al Fateh,0.92,0.85,1,2,3,2,0,0,2,0,7,0,0,4,5,15,14,-1
709,Al Ahli,Al Faisaly,2.23,0.92,2,1,3,1,0,0,1,4,2,0,0,7,5,15,17,1
710,Al Shabab,Al Hilal,1.15,2.85,1,2,3,3,1,1,2,5,8,0,0,9,6,14,18,-1
711,Al Batin,Al Nassr,1.69,1.69,4,3,7,3,1,1,2,6,1,0,0,6,4,16,9,1
712,Al Raed,Al Quadisiya,1.92,0.85,2,1,3,0,0,0,0,3,4,0,1,4,3,14,19,1
713,Al Ittifaq,Al Ittihad,1.31,2.46,1,4,5,1,0,0,1,8,3,0,0,5,8,3,7,-3
714,Al Ittihad,Al Faisaly,1.77,0.92,2,2,4,2,1,1,1,7,3,0,0,6,5,-1,-1,0
715,Al Wahda,Al Hilal,0.92,2.85,1,3,4,0,0,0,0,-1,-1,0,0,-1,-1,-1,-1,-2
716,Al Quadisiya,Al Ittifaq,1.31,0.77,1,1,2,2,1,1,1,8,4,0,0,9,4,-1,-1,0
717,Al Nassr,Al Shabab,2.31,1.38,1,0,1,0,0,0,0,3,4,0,0,5,7,-1,-1,1
718,Al Khaleej,Al Fateh,0.77,0.85,1,1,2,1,0,0,1,-1,-1,0,0,-1,-1,-1,-1,0
719,Al Taawon,Al Batin,1.62,0.31,4,3,7,2,2,2,0,-1,-1,0,0,-1,-1,-1,-1,1
720,Al Raed,Al Ahli,1.92,2.0,1,3,4,2,1,1,1,6,6,0,0,6,7,25,8,-2
721,Al Ittifaq,Al Shabab,1.31,1.38,0,1,1,0,0,0,0,5,5,0,0,4,4,-1,-1,-1
722,Al Quadisiya,Al Wahda,1.31,0.38,3,1,4,0,0,0,0,7,2,0,0,6,4,-1,-1,2
723,Al Faisaly,Al Batin,1.23,0.31,2,2,4,1,1,1,0,-1,-1,0,0,-1,-1,-1,-1,0
724,Al Ahli,Al Taawon,2.23,0.77,2,1,3,1,1,1,0,4,6,0,0,3,8,-1,-1,1
725,Al Khaleej,Al Raed,0.77,0.77,1,2,3,2,1,1,1,11,1,1,0,6,10,-1,-1,-1
726,Al Fateh,Al Ittihad,1.38,2.46,4,1,5,3,3,3,0,-1,-1,0,0,-1,-1,-1,-1,3
727,Al Hilal,Al Nassr,2.23,1.69,5,1,6,4,3,3,1,1,5,0,0,17,7,-1,-1,4
728,Al Fateh,Al Taawon,1.2,1.0,1,4,5,1,0,0,1,0,0,0,0,0,0,24,11,-3
729,Al Hilal,Al Feiha,2.4,1.0,2,1,3,2,1,1,1,9,0,0,0,12,5,14,24,1
730,Al Quadisiya,Al Raed,1.2,0.56,2,1,3,1,0,0,1,2,3,0,0,7,7,8,14,1
731,Al Ittifaq,Al Ahli,1.25,1.7,2,1,3,0,0,0,0,2,0,0,0,7,7,7,11,1
732,Al Ittihad,Al Batin,0.89,1.4,1,3,4,1,0,0,1,7,2,0,0,11,5,11,9,-2
733,Al Shabab,Ohod,1.11,0.75,1,2,3,1,0,0,1,7,2,0,0,12,6,16,16,-1
734,Al Faisaly,Al Nassr,1.56,1.2,1,3,4,3,0,0,3,9,2,0,0,7,5,12,23,-2
735,Al Taawon,Al Hilal,1.8,2.0,3,4,7,6,3,3,3,5,6,0,0,6,6,14,12,-1
736,Al Raed,Al Faisaly,0.8,1.7,2,3,5,2,1,1,1,8,9,0,0,3,6,13,8,-1
737,Al Ahli,Al Fateh,2.56,1.44,4,0,4,3,3,3,0,5,2,0,0,7,6,11,9,4
738,Al Batin,Ohod,0.78,0.75,2,0,2,1,1,1,0,8,4,0,0,6,4,17,13,2
739,Al Nassr,Al Ittifaq,2.0,0.91,2,2,4,1,1,1,0,5,8,0,0,7,10,14,15,0
740,Al Shabab,Al Quadisiya,1.11,0.56,4,1,5,3,2,2,1,2,4,0,0,10,7,12,14,3
741,Al Feiha,Al Ittihad,1.7,1.9,2,5,7,2,1,1,1,3,12,0,0,4,11,18,5,-3
742,Al Ittifaq,Al Quadisiya,1.25,0.56,1,2,3,1,0,0,1,6,4,0,0,11,11,18,13,-1
743,Al Fateh,Al Raed,1.2,0.56,1,0,1,1,1,1,0,12,7,0,0,6,4,18,14,1
744,Al Shabab,Al Batin,1.11,1.4,1,2,3,0,0,0,0,7,10,0,0,12,7,16,14,-1
745,Al Faisaly,Al Ittihad,1.56,1.9,2,1,3,1,0,0,1,4,8,0,0,8,5,16,10,1
746,Al Feiha,Al Taawon,1.7,1.0,1,1,2,0,0,0,0,0,0,0,0,0,0,19,19,0
747,Al Hilal,Ohod,2.4,0.75,1,0,1,0,0,0,0,3,1,0,0,2,0,17,12,1
748,Al Ahli,Al Nassr,2.56,1.2,1,1,2,1,1,1,0,5,4,0,0,9,8,-1,-1,0
749,Al Ittihad,Al Hilal,0.89,2.0,1,1,2,2,1,1,1,6,3,0,0,5,11,14,15,0
750,Al Batin,Al Ahli,0.78,1.7,1,2,3,2,1,1,1,6,9,0,0,4,6,14,16,-1
751,Ohod,Al Fateh,0.82,1.44,0,2,2,1,0,0,1,2,4,0,1,7,6,13,15,-2
752,Al Nassr,Al Feiha,2.0,1.0,2,2,4,1,0,0,1,4,9,0,0,6,9,9,17,0
753,Al Ittifaq,Al Shabab,1.25,1.5,2,3,5,3,1,1,2,5,6,0,0,11,10,7,16,-1
754,Al Quadisiya,Al Faisaly,1.2,1.7,1,1,2,0,0,0,0,5,1,0,0,5,3,19,25,0
755,Al Raed,Al Taawon,0.8,1.0,2,2,4,2,1,1,1,7,2,0,0,6,5,14,14,0
756,Al Batin,Al Fateh,0.78,1.44,0,0,0,0,0,0,0,4,2,0,0,2,6,15,23,0
757,Al Taawon,Al Ittihad,1.8,1.9,1,2,3,1,0,0,1,8,4,0,0,3,4,9,10,-1
758,Al Feiha,Ohod,1.7,0.75,1,0,1,0,0,0,0,6,5,0,0,6,2,14,16,1
759,Al Shabab,Al Nassr,1.11,1.2,0,1,1,0,0,0,0,6,6,1,0,10,13,14,14,-1
760,Al Faisaly,Al Ittifaq,1.56,0.91,3,0,3,1,1,1,0,3,10,0,0,5,3,16,13,3
761,Al Ahli,Al Raed,2.56,0.56,5,3,8,1,1,1,0,5,5,0,0,13,10,7,7,2
762,Al Hilal,Al Quadisiya,2.4,0.56,2,1,3,1,1,1,0,6,4,0,0,6,11,19,12,1
763,Al Fateh,Al Quadisiya,1.2,0.56,2,1,3,0,0,0,0,7,5,1,0,6,10,18,13,1
764,Al Ittihad,Ohod,0.89,0.75,2,2,4,3,1,1,2,8,5,0,1,11,12,10,18,0
765,Al Ittifaq,Al Batin,1.25,1.4,1,3,4,2,1,1,1,1,4,0,0,4,3,15,15,-2
766,Al Shabab,Al Ahli,1.11,1.7,2,5,7,4,1,1,3,6,6,0,0,12,12,10,17,-3
767,Al Faisaly,Al Feiha,1.56,1.0,2,1,3,1,1,1,0,3,17,0,0,0,7,23,21,1
768,Al Nassr,Al Taawon,2.0,1.0,2,1,3,2,1,1,1,4,3,0,0,7,5,18,19,1
769,Al Quadisiya,Al Feiha,1.2,1.0,1,1,2,1,1,1,0,4,2,0,0,3,8,17,15,0
770,Al Raed,Al Shabab,0.8,1.5,2,2,4,2,0,0,2,10,5,0,0,4,3,9,18,0
771,Ohod,Al Nassr,0.82,1.2,2,2,4,2,2,2,0,0,17,0,0,4,6,10,18,0
772,Al Fateh,Al Ittifaq,1.2,0.91,1,1,2,0,0,0,0,3,2,0,0,2,2,10,9,0
773,Al Taawon,Al Faisaly,1.8,1.7,1,0,1,0,0,0,0,4,4,0,0,5,7,17,21,1
774,Al Ahli,Al Ittihad,2.56,1.9,3,0,3,0,0,0,0,5,3,0,0,7,6,14,10,3
775,Al Hilal,Al Batin,2.4,1.4,2,1,3,0,0,0,0,12,1,0,0,7,10,9,13,1
776,Al Feiha,Al Ittifaq,1.7,0.91,1,2,3,0,0,0,0,5,2,0,0,8,7,9,9,-1
777,Al Ittihad,Al Quadisiya,0.89,0.56,0,0,0,0,0,0,0,16,4,0,0,12,8,13,10,0
778,Al Batin,Al Raed,0.78,0.56,1,5,6,5,1,1,4,3,1,0,0,4,6,10,16,-4
779,Al Nassr,Al Hilal,2.0,2.0,1,2,3,2,1,1,1,4,7,0,0,5,12,8,12,-1
780,Al Faisaly,Al Ahli,1.56,1.7,1,2,3,0,0,0,0,5,5,0,0,7,7,15,17,-1
781,Al Shabab,Al Fateh,1.11,1.44,1,1,2,1,0,0,1,6,9,0,0,11,9,8,10,0
782,Al Taawon,Ohod,1.8,0.75,3,1,4,1,1,1,0,7,9,0,0,5,6,15,18,2
783,Al Ittifaq,Al Raed,1.25,0.56,2,0,2,2,2,2,0,1,11,0,0,5,9,18,12,2
784,Al Ahli,Al Feiha,2.56,1.0,1,1,2,1,1,1,0,12,4,0,0,5,7,9,15,0
785,Al Quadisiya,Al Taawon,1.2,1.0,1,0,1,0,0,0,0,3,5,0,0,6,4,18,15,1
786,Al Fateh,Al Ittihad,1.2,1.9,1,2,3,0,0,0,0,2,8,0,0,7,11,11,5,-1
787,Al Hilal,Al Shabab,2.4,1.5,1,1,2,0,0,0,0,9,0,0,0,13,7,9,15,0
788,Ohod,Al Faisaly,0.82,1.7,1,3,4,3,1,1,2,2,5,0,0,5,3,17,12,-2
789,Al Quadisiya,Al Batin,1.2,1.4,0,0,0,0,0,0,0,10,4,0,0,8,9,9,6,0
790,Ohod,Al Ittifaq,0.82,0.91,1,0,1,1,1,1,0,6,3,0,0,4,4,15,9,1
791,Al Ittihad,Al Shabab,0.89,1.5,1,1,2,0,0,0,0,8,5,0,0,12,6,11,9,0
792,Al Raed,Al Nassr,0.8,1.2,0,5,5,1,0,0,1,0,4,0,0,5,13,13,13,-5
793,Al Feiha,Al Fateh,1.7,1.44,1,3,4,3,1,1,2,5,7,0,0,8,3,7,15,-2
794,Al Taawon,Al Ahli,1.8,1.7,1,1,2,1,0,0,1,4,4,0,0,5,2,12,16,0
795,Al Feiha,Al Shabab,1.7,1.5,3,1,4,1,1,1,0,5,2,0,0,5,3,15,11,2
796,Al Raed,Ohod,0.8,0.75,2,2,4,1,1,1,0,7,3,0,0,3,8,15,13,0
797,Al Nassr,Al Ittihad,2.0,1.9,1,0,1,1,1,1,0,11,5,0,0,12,5,21,18,1
798,Al Ahli,Al Quadisiya,2.56,0.56,3,0,3,1,1,1,0,9,4,0,0,4,2,12,11,3
799,Al Batin,Al Taawon,0.78,1.0,1,1,2,0,0,0,0,8,5,0,0,6,6,21,16,0
800,Al Fateh,Al Faisaly,1.2,1.7,0,5,5,1,0,0,1,4,3,0,0,10,9,11,13,-5
801,Al Raed,Al Feiha,0.8,1.0,2,0,2,0,0,0,0,0,5,0,0,5,3,11,14,2
802,Al Nassr,Al Fateh,2.0,1.44,3,1,4,2,2,2,0,5,4,0,0,13,5,6,11,2
803,Al Shabab,Al Taawon,1.11,1.0,2,1,3,2,2,2,0,0,4,0,0,6,6,16,13,1
804,Al Faisaly,Al Batin,1.56,1.4,0,1,1,1,0,0,1,14,4,0,0,9,10,16,11,-1
805,Al Ittifaq,Al Ittihad,1.25,1.9,1,2,3,1,1,1,0,3,7,0,0,11,8,13,15,-1
806,Ohod,Al Quadisiya,0.82,0.56,2,1,3,2,2,2,0,2,5,0,0,3,0,4,1,1
807,Al Hilal,Al Ahli,2.4,1.7,2,0,2,0,0,0,0,5,4,0,0,9,3,11,9,2
808,Al Batin,Al Nassr,0.78,1.2,1,1,2,2,1,1,1,4,3,0,0,9,7,16,13,0
809,Al Raed,Al Hilal,0.8,2.0,0,3,3,2,0,0,2,6,4,0,0,0,8,9,6,-3
810,Al Shabab,Al Faisaly,1.11,1.7,0,1,1,1,0,0,1,8,6,0,0,10,3,5,6,-1
811,Al Feiha,Al Batin,1.7,1.4,2,0,2,1,1,1,0,6,2,0,0,4,3,19,10,2
812,Al Quadisiya,Al Nassr,1.2,1.2,3,2,5,2,2,2,0,5,6,0,1,7,7,11,13,1
813,Al Ittihad,Al Raed,0.89,0.56,2,1,3,1,1,1,0,6,6,0,0,10,9,9,11,1
814,Al Taawon,Al Ittifaq,1.8,0.91,4,0,4,1,1,1,0,4,5,0,0,9,6,17,11,4
815,Ohod,Al Ahli,0.82,1.7,2,2,4,1,1,1,0,4,9,0,0,3,7,16,13,0
816,Al Fateh,Al Hilal,1.2,2.0,0,0,0,0,0,0,0,3,12,3,0,3,10,13,14,0
817,Al Raed,Al Quadisiya,0.8,0.56,1,1,2,0,0,0,0,5,3,0,0,9,2,19,9,0
818,Al Nassr,Al Faisaly,2.0,1.7,1,1,2,1,0,0,1,6,4,0,0,4,2,16,15,0
819,Ohod,Al Shabab,0.82,1.5,0,2,2,0,0,0,0,4,5,0,0,3,7,12,18,-2
820,Al Ahli,Al Ittifaq,2.56,0.91,4,1,5,2,1,1,1,7,2,0,0,9,4,20,14,3
821,Al Taawon,Al Fateh,1.8,1.44,0,0,0,0,0,0,0,9,3,0,0,5,2,11,17,0
822,Al Batin,Al Ittihad,0.78,1.9,1,2,3,2,1,1,1,7,5,0,0,5,8,16,8,-1
823,Al Feiha,Al Hilal,1.7,2.0,2,1,3,0,0,0,0,7,5,0,0,10,5,14,13,1
824,Al Faisaly,Al Raed,1.56,0.56,2,2,4,0,0,0,0,4,3,0,0,6,4,18,24,0
825,Al Quadisiya,Al Shabab,1.2,1.5,1,2,3,0,0,0,0,6,7,0,0,6,5,8,27,-1
826,Ohod,Al Batin,0.82,1.4,1,1,2,0,0,0,0,8,2,0,0,8,7,16,12,0
827,Al Ittifaq,Al Nassr,1.25,1.2,3,2,5,1,1,1,0,3,8,0,0,5,5,17,9,1
828,Al Fateh,Al Ahli,1.2,1.7,1,3,4,4,1,1,3,4,2,0,0,4,6,13,13,-2
829,Al Hilal,Al Taawon,2.4,1.0,1,0,1,0,0,0,0,8,4,0,0,11,6,13,18,1
830,Al Ittihad,Al Feiha,0.89,1.0,0,1,1,0,0,0,0,6,5,0,0,7,5,12,16,-1
831,Al Batin,Al Shabab,0.78,1.5,0,1,1,1,0,0,1,6,2,0,0,5,5,15,23,-1
832,Al Raed,Al Fateh,0.8,1.44,2,2,4,3,2,2,1,7,1,0,0,6,11,12,18,0
833,Ohod,Al Hilal,0.82,2.0,1,4,5,1,0,0,1,2,5,0,0,6,7,11,17,-3
834,Al Ittihad,Al Faisaly,0.89,1.7,3,3,6,3,2,2,1,3,4,0,0,12,6,14,10,0
835,Al Taawon,Al Feiha,1.8,1.0,4,0,4,2,2,2,0,2,8,0,0,13,11,14,15,4
836,Al Nassr,Al Ahli,2.0,1.7,3,1,4,1,1,1,0,5,7,0,0,16,4,7,4,2
837,Al Faisaly,Al Hilal,1.56,2.0,1,1,2,1,1,1,0,4,10,0,0,6,6,15,19,0
838,Al Hilal,Al Ittifaq,2.4,0.91,1,1,2,1,1,1,0,12,0,0,0,10,8,10,13,0
839,Al Fateh,Ohod,1.2,0.75,0,0,0,0,0,0,0,7,1,0,0,4,5,15,13,0
840,Al Feiha,Al Nassr,1.7,1.2,1,0,1,1,1,1,0,2,4,0,0,4,5,17,12,1
841,Al Taawon,Al Raed,1.8,0.56,2,2,4,3,1,1,2,7,6,0,1,4,7,13,15,0
842,Al Ahli,Al Batin,2.56,1.4,5,0,5,4,4,4,0,9,7,0,0,12,4,8,9,5
843,Al Faisaly,Al Quadisiya,1.56,0.56,2,0,2,0,0,0,0,2,3,0,0,3,4,18,14,2
844,Al Hilal,Al Ittihad,2.4,1.9,1,1,2,0,0,0,0,9,8,0,0,13,12,10,11,0
845,Al Shabab,Al Ittifaq,1.11,0.91,3,1,4,1,0,0,1,5,8,0,0,12,6,6,6,2
846,Al Batin,Al Ittifaq,0.78,0.91,1,1,2,0,0,0,0,4,4,0,0,7,4,14,11,0
847,Al Feiha,Al Faisaly,1.7,1.7,2,2,4,1,1,1,0,5,2,0,0,4,3,13,13,0
848,Al Ahli,Al Shabab,2.56,1.5,3,2,5,3,1,1,2,2,3,0,0,7,10,17,13,1
849,Al Hilal,Al Raed,2.4,0.56,2,1,3,1,0,0,1,15,5,0,0,2,4,15,20,1
850,Al Taawon,Al Nassr,1.8,1.2,1,0,1,0,0,0,0,6,8,0,0,4,6,13,14,1
851,Al Quadisiya,Al Fateh,1.2,1.44,1,4,5,3,0,0,3,1,5,0,0,5,3,13,17,-3
852,Ohod,Al Ittihad,0.82,1.9,0,1,1,0,0,0,0,6,4,0,0,7,5,16,10,-1
853,Al Quadisiya,Al Ittifaq,1.2,0.91,1,2,3,2,1,1,1,0,3,0,0,5,4,8,22,-1
854,Al Ittihad,Al Taawon,0.89,1.0,2,5,7,4,1,1,3,9,5,0,0,7,10,12,16,-3
855,Al Fateh,Al Batin,1.2,1.4,5,2,7,3,1,1,2,12,2,0,0,6,4,6,11,3
856,Al Ittifaq,Al Faisaly,1.25,1.7,0,0,0,0,0,0,0,4,3,0,0,3,2,15,17,0
857,Ohod,Al Feiha,0.82,1.0,2,3,5,2,1,1,1,5,7,0,0,4,7,14,12,-1
858,Al Nassr,Al Shabab,2.0,1.5,1,0,1,0,0,0,0,2,5,0,0,11,8,6,7,1
859,Al Quadisiya,Al Hilal,1.2,2.0,0,1,1,1,0,0,1,6,4,0,0,6,7,9,22,-1
860,Al Raed,Al Ahli,0.8,1.7,0,3,3,0,0,0,0,4,5,0,0,3,6,11,12,-3
861,Al Ittifaq,Al Raed,1.75,1.25,1,1,2,1,1,1,0,4,11,0,0,3,4,-1,-1,0
862,Al Hazm,Al Wahda,1.18,1.42,0,0,0,0,0,0,0,-1,-1,0,0,-1,-1,-1,-1,0
863,Ohod,Al Nassr,0.92,2.15,1,2,3,2,1,1,1,-1,-1,0,0,-1,-1,-1,-1,-1
864,Al Quadisiya,Al Fateh,1.17,1.1,0,0,0,0,0,0,0,12,4,0,0,3,8,-1,-1,0
865,Al Hilal,Al Feiha,2.25,0.54,1,0,1,0,0,0,0,8,3,1,2,4,2,-1,-1,1
866,Al Shabab,Al Ittihad,2.0,1.17,1,0,1,0,0,0,0,4,3,0,0,6,6,-1,-1,1
867,Al Faisaly,Al Batin,1.83,0.64,2,2,4,2,2,2,0,7,4,0,0,8,3,-1,-1,0
868,Al Ahli,Al Taawon,1.64,1.5,1,1,2,1,0,0,1,10,3,0,0,9,5,-1,-1,0
869,Al Ittifaq,Al Batin,1.75,0.64,3,2,5,1,1,1,0,2,11,0,0,5,7,11,14,1
870,Al Fateh,Al Wahda,1.57,1.42,0,0,0,0,0,0,0,6,5,0,0,4,5,13,10,0
871,Al Hazm,Al Taawon,1.18,1.5,1,1,2,0,0,0,0,3,8,0,0,7,6,10,18,0
872,Al Nassr,Al Faisaly,2.45,0.92,2,1,3,2,1,1,1,10,4,0,1,5,4,14,14,1
873,Al Feiha,Al Shabab,1.2,1.67,1,3,4,0,0,0,0,3,4,0,0,4,8,20,15,-2
874,Ohod,Al Ahli,0.92,1.83,0,2,2,1,0,0,1,5,6,0,1,6,6,16,9,-2
875,Al Raed,Al Hilal,1.08,2.64,1,3,4,2,0,0,2,4,8,0,1,6,7,7,15,-2
876,Al Ittihad,Al Quadisiya,0.67,0.83,0,3,3,1,0,0,1,11,2,0,0,10,7,6,10,-3
877,Al Quadisiya,Al Nassr,1.17,2.15,0,3,3,2,0,0,2,2,5,1,0,0,6,8,9,-3
878,Al Shabab,Al Fateh,2.0,1.1,1,1,2,2,1,1,1,8,3,0,0,10,6,8,12,0
879,Al Taawon,Al Ittihad,2.08,1.17,5,3,8,4,2,2,2,4,1,0,0,10,6,19,18,2
880,Al Hilal,Al Batin,2.25,0.64,3,1,4,3,3,3,0,5,1,0,0,7,6,13,9,2
881,Al Ittifaq,Al Feiha,1.75,0.54,3,0,3,1,1,1,0,3,3,0,2,6,7,17,15,3
882,Al Faisaly,Ohod,1.83,0.27,2,0,2,0,0,0,0,3,5,0,0,7,6,13,7,2
883,Al Ahli,Al Hazm,1.64,0.85,2,0,2,1,1,1,0,5,4,0,0,7,4,10,13,2
884,Al Wahda,Al Raed,1.58,1.25,4,1,5,2,2,2,0,5,7,0,0,9,4,13,10,3
885,Al Fateh,Al Hilal,1.57,2.64,2,3,5,1,1,1,0,2,8,0,0,3,11,14,9,-1
886,Al Nassr,Al Taawon,2.45,1.5,1,0,1,0,0,0,0,5,1,0,1,4,0,14,17,1
887,Al Ittihad,Al Wahda,0.67,1.42,2,2,4,1,0,0,1,4,3,0,0,8,5,19,13,0
888,Al Ittifaq,Ohod,1.75,0.27,0,0,0,0,0,0,0,4,5,0,0,2,5,12,13,0
889,Al Hazm,Al Faisaly,1.18,0.92,2,1,3,1,0,0,1,9,5,0,0,9,4,8,12,1
890,Al Feiha,Al Quadisiya,1.2,0.83,4,2,6,2,1,1,1,3,8,0,0,5,4,13,13,2
891,Al Raed,Al Shabab,1.08,1.67,1,1,2,2,1,1,1,1,5,2,0,5,7,18,15,0
892,Al Ahli,Al Batin,1.64,0.64,2,0,2,1,1,1,0,1,1,0,0,6,2,5,15,2
893,Al Fateh,Al Ittihad,1.57,1.17,2,0,2,1,1,1,0,5,4,0,1,5,2,16,12,2
894,Al Feiha,Al Raed,1.2,1.25,0,3,3,2,0,0,2,5,3,1,0,3,5,10,11,-3
895,Al Taawon,Al Shabab,2.08,1.67,1,1,2,1,0,0,1,5,3,0,0,4,6,14,15,0
896,Ohod,Al Batin,0.92,0.64,0,1,1,0,0,0,0,9,3,0,0,5,3,17,15,-1
897,Al Ahli,Al Faisaly,1.64,0.92,2,0,2,2,2,2,0,3,2,0,2,6,6,10,9,2
898,Al Nassr,Al Hazm,2.45,0.85,5,1,6,2,1,1,1,11,9,0,0,14,4,18,14,4
899,Al Quadisiya,Al Wahda,1.17,1.42,0,1,1,0,0,0,0,3,8,0,0,3,2,-1,-1,-1
900,Al Hazm,Al Quadisiya,1.18,0.83,2,1,3,1,1,1,0,1,10,0,0,10,4,19,18,1
901,Al Wahda,Al Feiha,1.58,0.54,2,1,3,0,0,0,0,5,1,0,0,8,4,9,14,1
902,Al Faisaly,Al Taawon,1.83,1.5,1,4,5,3,1,1,2,0,3,0,0,4,9,11,16,-3
903,Al Batin,Al Nassr,1.15,2.15,0,2,2,1,0,0,1,2,5,0,0,3,10,21,15,-2
904,Al Raed,Al Fateh,1.08,1.1,0,3,3,1,0,0,1,9,3,0,0,6,5,5,11,-3
905,Al Ittihad,Ohod,0.67,0.27,1,1,2,0,0,0,0,7,4,0,1,8,4,-1,-1,0
906,Al Ittifaq,Al Ahli,1.75,1.83,6,2,8,3,2,2,1,4,9,0,0,11,4,24,16,4
907,Al Shabab,Al Hilal,2.0,2.64,0,1,1,0,0,0,0,3,5,1,0,4,7,13,16,-1
908,Al Faisaly,Al Raed,1.83,1.25,2,0,2,1,1,1,0,3,6,0,0,4,5,16,7,2
909,Al Ittifaq,Al Hazm,1.75,0.85,1,0,1,1,1,1,0,1,6,0,0,8,3,17,20,1
910,Al Ahli,Al Fateh,1.64,1.1,5,1,6,2,2,2,0,7,4,0,0,11,2,10,7,4
911,Al Hilal,Al Ittihad,2.25,1.17,3,1,4,2,1,1,1,6,2,0,0,6,3,16,15,2
912,Al Shabab,Al Quadisiya,2.0,0.83,2,1,3,2,1,1,1,11,2,0,1,6,4,16,19,1
913,Al Batin,Al Taawon,1.15,1.5,0,5,5,2,0,0,2,8,2,1,0,3,6,14,17,-5
914,Ohod,Al Wahda,0.92,1.42,1,3,4,0,0,0,0,5,7,0,0,3,4,18,10,-2
915,Al Feiha,Al Nassr,1.2,2.15,1,1,2,1,0,0,1,3,2,0,0,4,4,-1,-1,0
916,Al Fateh,Al Feiha,1.57,0.54,1,2,3,0,0,0,0,7,0,0,0,4,5,15,10,-1
917,Al Faisaly,Al Ittifaq,1.83,0.67,5,1,6,1,1,1,0,5,4,0,0,9,9,12,15,4
918,Al Batin,Al Hazm,1.15,0.85,1,0,1,0,0,0,0,8,5,0,0,6,3,18,20,1
919,Al Wahda,Al Shabab,1.58,1.67,0,1,1,0,0,0,0,5,3,0,0,2,7,7,12,-1
920,Al Ittihad,Al Raed,0.67,1.25,1,2,3,1,0,0,1,8,6,0,0,9,6,9,12,-1
921,Al Quadisiya,Al Hilal,1.17,2.64,0,2,2,1,0,0,1,0,0,0,0,3,8,10,10,-2
922,Ohod,Al Taawon,0.92,1.5,1,0,1,1,1,1,0,1,4,0,0,4,3,19,16,1
923,Al Nassr,Al Ahli,2.45,1.83,0,2,2,0,0,0,0,6,6,0,0,5,5,16,18,-2
924,Al Hilal,Al Ittifaq,2.25,0.67,4,1,5,2,2,2,0,4,3,0,0,8,6,20,12,3
925,Al Batin,Al Fateh,1.15,1.1,2,2,4,2,0,0,2,1,6,0,0,4,7,12,13,0
926,Al Faisaly,Al Shabab,1.83,1.67,0,0,0,0,0,0,0,8,7,0,0,3,5,9,15,0
927,Ohod,Al Hazm,0.92,0.85,3,3,6,3,1,1,2,8,4,0,0,5,6,15,19,0
928,Al Ahli,Al Quadisiya,1.64,0.83,0,2,2,0,0,0,0,8,2,0,0,2,7,6,10,-2
929,Al Feiha,Al Ittihad,1.2,1.17,2,1,3,2,1,1,1,3,7,0,0,6,6,15,10,1
930,Al Wahda,Al Hilal,1.58,2.64,0,3,3,3,0,0,3,8,5,0,0,6,6,11,14,-3
931,Al Ittifaq,Al Nassr,1.75,2.15,1,2,3,1,0,0,1,2,10,0,0,6,4,18,11,-1
932,Al Fateh,Ohod,1.57,0.27,4,0,4,2,2,2,0,1,3,0,0,5,6,14,10,4
933,Al Feiha,Al Hazm,1.2,0.85,1,1,2,1,1,1,0,6,5,0,0,2,6,10,11,0
934,Al Wahda,Al Batin,1.58,0.64,1,0,1,1,1,1,0,6,8,0,0,3,6,11,11,1
935,Al Quadisiya,Al Raed,1.17,1.25,3,1,4,1,1,1,0,2,7,0,0,5,7,11,15,2
936,Al Nassr,Al Shabab,2.45,1.67,1,0,1,1,1,1,0,3,4,1,1,6,4,14,12,1
937,Al Ittifaq,Al Taawon,1.75,1.5,2,4,6,3,2,2,1,2,6,1,0,5,6,16,12,-2
938,Al Faisaly,Al Hilal,1.83,2.64,1,1,2,0,0,0,0,3,9,0,0,4,5,12,16,0
939,Al Ittihad,Al Ahli,0.67,1.83,1,3,4,2,1,1,1,2,1,0,0,5,8,14,7,-2
940,Al Shabab,Al Ittifaq,2.0,0.67,2,2,4,3,1,1,2,9,5,0,0,8,6,8,18,0
941,Al Quadisiya,Al Faisaly,1.17,0.92,1,1,2,0,0,0,0,5,8,0,0,7,6,14,12,0
942,Al Ahli,Al Feiha,1.64,0.54,1,1,2,0,0,0,0,5,4,0,0,3,6,14,12,0
943,Al Fateh,Al Taawon,1.57,1.5,0,2,2,1,0,0,1,6,8,0,0,2,9,13,13,-2
944,Al Batin,Al Raed,1.15,1.25,1,3,4,2,0,0,2,3,4,0,0,5,5,15,12,-2
945,Al Nassr,Al Wahda,2.45,1.42,1,2,3,1,1,1,0,7,3,0,0,5,7,6,16,-1
946,Al Ittihad,Al Hazm,0.67,0.85,2,2,4,1,0,0,1,7,2,0,0,10,5,7,10,0
947,Al Batin,Al Feiha,1.15,0.54,1,0,1,0,0,0,0,2,6,0,0,4,5,11,17,1
948,Al Quadisiya,Al Ittifaq,1.17,0.67,2,0,2,1,1,1,0,2,10,0,0,3,5,9,13,2
949,Al Shabab,Ohod,2.0,0.27,1,0,1,0,0,0,0,5,2,0,0,10,6,11,19,1
950,Al Ittihad,Al Faisaly,0.67,0.92,1,2,3,1,0,0,1,13,3,0,0,4,5,14,14,-1
951,Al Wahda,Al Taawon,1.58,1.5,0,1,1,0,0,0,0,4,6,0,0,4,6,8,19,-1
952,Al Hilal,Al Nassr,2.25,2.15,2,2,4,2,2,2,0,6,5,1,0,10,10,10,1,0
953,Al Fateh,Al Hazm,1.57,0.85,3,2,5,2,1,1,1,5,7,0,0,4,8,16,11,1
954,Al Raed,Al Ahli,1.08,1.83,0,0,0,0,0,0,0,4,6,0,1,5,4,15,10,0
955,Ohod,Al Hilal,0.92,2.64,0,1,1,0,0,0,0,2,9,0,0,3,11,7,16,-1
956,Al Fateh,Al Faisaly,1.57,0.92,1,1,2,1,1,1,0,5,4,0,0,3,4,13,11,0
957,Al Ittifaq,Al Wahda,1.75,1.42,2,1,3,1,0,0,1,7,5,0,0,7,3,11,12,1
958,Al Nassr,Al Raed,2.45,1.25,4,0,4,3,3,3,0,9,3,0,0,9,6,20,13,4
959,Al Taawon,Al Feiha,2.08,0.54,3,0,3,1,1,1,0,6,6,0,0,4,2,13,9,3
960,Al Batin,Al Ittihad,1.15,1.17,1,3,4,1,0,0,1,1,4,0,0,6,7,9,11,-2
961,Al Hilal,Al Hazm,2.25,0.85,1,2,3,1,1,1,0,6,3,0,0,7,3,12,13,-1
962,Al Ahli,Al Shabab,1.64,1.67,0,1,1,0,0,0,0,5,9,0,0,5,4,13,13,-1
963,Ohod,Al Quadisiya,0.92,0.83,1,3,4,2,0,0,2,5,6,0,0,2,6,8,12,-2
964,Al Raed,Al Hazm,1.08,0.85,1,0,1,0,0,0,0,4,4,0,1,3,6,16,9,1
965,Al Faisaly,Al Wahda,1.83,1.42,3,0,3,2,2,2,0,4,6,0,0,6,6,8,10,3
966,Al Hilal,Al Ahli,2.25,1.83,4,3,7,2,1,1,1,3,8,0,0,6,5,12,19,1
967,Al Shabab,Al Batin,2.0,0.64,4,0,4,3,3,3,0,4,4,0,0,8,4,16,11,4
968,Al Fateh,Al Ittifaq,1.57,0.67,0,0,0,0,0,0,0,2,2,0,0,3,4,14,13,0
969,Al Quadisiya,Al Taawon,1.17,1.5,3,1,4,0,0,0,0,1,10,0,0,4,9,16,12,2
970,Al Ittihad,Al Nassr,0.67,2.15,1,2,3,1,0,0,1,5,4,0,0,3,8,14,15,-1
971,Al Feiha,Ohod,1.2,0.27,3,0,3,1,1,1,0,3,3,0,0,8,5,14,13,3
972,Al Raed,Al Taawon,1.08,1.5,2,1,3,0,0,0,0,6,5,0,1,5,6,17,14,1
973,Al Batin,Al Quadisiya,1.15,0.83,2,0,2,0,0,0,0,0,9,0,0,5,6,13,16,2
974,Al Faisaly,Al Feiha,1.83,0.54,1,0,1,0,0,0,0,4,5,0,0,3,4,11,17,1
975,Al Fateh,Al Nassr,1.57,2.15,0,0,0,0,0,0,0,3,13,0,1,4,8,10,15,0
976,Al Hazm,Al Shabab,1.18,1.67,1,3,4,3,1,1,2,7,8,0,0,5,9,12,19,-2
977,Al Wahda,Al Ahli,1.58,1.83,2,1,3,1,1,1,0,2,3,0,1,6,7,19,10,1
978,Al Ittifaq,Al Ittihad,1.75,1.17,1,0,1,1,1,1,0,4,5,0,0,8,5,15,8,1
979,Ohod,Al Raed,0.92,1.25,0,1,1,0,0,0,0,5,4,1,0,4,5,16,13,-1
980,Al Taawon,Al Hilal,2.08,2.64,2,2,4,1,0,0,1,2,12,1,0,5,7,14,16,0
981,Al Faisaly,Al Nassr,1.83,2.15,2,2,4,1,0,0,1,5,6,0,0,8,6,10,18,0
982,Al Taawon,Al Hazm,2.08,0.85,1,1,2,0,0,0,0,9,3,0,0,4,3,13,12,0
983,Al Wahda,Al Fateh,1.58,1.1,1,0,1,0,0,0,0,6,4,0,1,7,2,12,10,1
984,Al Quadisiya,Al Ittihad,1.17,1.17,0,1,1,0,0,0,0,2,2,0,0,5,3,-1,-1,-1
985,Al Hilal,Al Raed,2.25,1.25,1,1,2,0,0,0,0,13,3,0,0,9,2,11,9,0
986,Al Shabab,Al Feiha,2.0,0.54,4,1,5,1,1,1,0,5,6,0,0,10,3,10,9,3
987,Al Batin,Al Ittifaq,1.15,0.67,0,0,0,0,0,0,0,5,8,0,0,5,3,22,18,0
988,Al Ahli,Ohod,1.64,0.27,5,1,6,3,3,3,0,3,6,0,0,8,8,15,16,4
989,Al Fateh,Al Quadisiya,1.57,0.83,2,0,2,1,1,1,0,6,3,0,1,5,4,14,11,2
990,Al Feiha,Al Hilal,1.2,2.64,1,5,6,2,0,0,2,3,7,1,0,2,10,7,16,-4
991,Al Batin,Al Faisaly,1.15,0.92,2,0,2,0,0,0,0,3,6,0,1,6,6,12,12,2
992,Al Nassr,Ohod,2.45,0.27,4,0,4,2,2,2,0,3,2,0,0,5,0,11,8,4
993,Al Wahda,Al Hazm,1.58,0.85,1,1,2,1,1,1,0,5,8,0,0,6,4,15,15,0
994,Al Taawon,Al Ahli,2.08,1.83,3,4,7,1,0,0,1,3,3,0,0,8,9,11,12,-1
995,Al Raed,Al Ittifaq,1.08,0.67,1,2,3,2,0,0,2,4,5,0,0,5,7,9,21,-1
996,Al Ittihad,Al Shabab,0.67,1.67,0,0,0,0,0,0,0,5,2,0,0,2,4,21,19,0
997,Al Quadisiya,Al Feiha,1.17,0.54,2,0,2,0,0,0,0,4,2,0,1,7,0,13,11,2
998,Al Batin,Al Ahli,1.15,1.83,1,2,3,2,1,1,1,3,8,0,0,5,8,12,12,-1
999,Al Taawon,Al Nassr,2.08,2.15,3,1,4,3,2,2,1,2,4,0,0,6,3,21,12,2
1000,Al Faisaly,Al Hazm,1.83,0.85,1,2,3,0,0,0,0,5,6,0,0,3,4,13,21,-1
1001,Ohod,Al Ittifaq,0.92,0.67,2,1,3,2,2,2,0,5,4,1,1,7,5,16,17,1
1002,Al Hilal,Al Fateh,2.25,1.1,4,1,5,4,3,3,1,11,6,0,0,9,3,10,13,3
1003,Al Shabab,Al Raed,2.0,1.25,1,1,2,2,1,1,1,9,3,0,0,8,2,16,14,0
1004,Al Wahda,Al Ittihad,1.58,1.17,0,2,2,1,0,0,1,4,4,0,0,3,6,20,15,-2
1005,Al Nassr,Al Quadisiya,2.45,0.83,3,1,4,1,1,1,0,4,4,0,0,5,4,11,14,2
1006,Ohod,Al Faisaly,0.92,0.92,4,1,5,3,2,2,1,7,7,0,0,8,2,16,11,3
1007,Al Hazm,Al Ahli,1.18,1.83,2,4,6,4,2,2,2,2,6,0,0,9,5,14,17,-2
1008,Al Feiha,Al Ittifaq,1.2,0.67,1,1,2,1,0,0,1,3,2,0,0,2,5,12,10,0
1009,Al Batin,Al Hilal,1.15,2.64,2,3,5,2,1,1,1,4,5,0,1,7,5,7,10,-1
1010,Al Raed,Al Wahda,1.08,1.42,1,3,4,2,1,1,1,4,6,1,0,4,5,8,17,-2
1011,Al Fateh,Al Shabab,1.57,1.67,1,0,1,0,0,0,0,3,4,0,1,5,0,15,17,1
1012,Al Ittihad,Al Taawon,0.67,1.5,0,0,0,0,0,0,0,2,8,0,0,4,5,17,26,0
1013,Al Hilal,Al Quadisiya,2.25,0.83,4,1,5,1,1,1,0,6,0,1,0,7,2,20,13,3
1014,Al Ahli,Al Nassr,1.64,2.15,1,2,3,1,0,0,1,7,4,0,0,7,3,11,10,-1
1015,Al Hazm,Al Batin,1.18,0.64,1,0,1,0,0,0,0,3,4,0,0,4,3,25,15,1
1016,Al Ittifaq,Al Faisaly,1.75,0.92,3,4,7,3,2,2,1,1,6,0,0,7,8,15,7,-1
1017,Al Feiha,Al Fateh,1.2,1.1,1,2,3,1,1,1,0,4,3,0,0,3,6,16,16,-1
1018,Al Taawon,Ohod,2.08,0.27,4,0,4,2,2,2,0,1,4,0,0,7,3,17,12,4
1019,Al Shabab,Al Wahda,2.0,1.42,1,0,1,1,1,1,0,2,4,2,0,3,3,8,8,1
1020,Al Raed,Al Ittihad,1.08,1.17,1,1,2,1,1,1,0,5,8,0,0,4,5,14,8,0
1021,Al Fateh,Al Ahli,1.57,1.83,2,1,3,1,1,1,0,8,5,0,0,6,8,7,13,1
1022,Al Hazm,Al Ittifaq,1.18,0.67,1,1,2,0,0,0,0,1,5,0,0,3,4,14,14,0
1023,Al Ittihad,Al Hilal,0.67,2.64,0,2,2,0,0,0,0,3,6,0,0,2,8,15,15,-2
1024,Al Taawon,Al Batin,2.08,0.64,4,1,5,1,1,1,0,6,3,0,0,10,4,19,15,3
1025,Al Quadisiya,Al Shabab,1.17,1.67,0,1,1,0,0,0,0,3,8,0,0,3,8,12,7,-1
1026,Al Wahda,Ohod,1.58,0.27,4,1,5,2,2,2,0,3,1,0,0,9,4,18,10,3
1027,Al Raed,Al Faisaly,1.08,0.92,0,3,3,2,0,0,2,7,6,0,0,3,8,10,11,-3
1028,Al Nassr,Al Feiha,2.45,0.54,1,0,1,0,0,0,0,7,7,0,0,4,5,10,15,1
1029,Al Taawon,Al Ittifaq,2.08,0.67,4,1,5,2,2,2,0,8,3,0,0,7,8,17,6,3
1030,Ohod,Al Fateh,0.92,1.1,0,0,0,0,0,0,0,7,3,0,1,0,2,13,11,0
1031,Al Shabab,Al Nassr,2.0,2.15,0,1,1,1,0,0,1,6,4,0,0,3,6,14,18,-1
1032,Al Raed,Al Quadisiya,1.08,0.83,0,0,0,0,0,0,0,6,5,0,0,4,2,13,14,0
1033,Al Hilal,Al Faisaly,2.25,0.92,2,1,3,1,1,1,0,10,0,1,0,9,3,10,11,1
1034,Al Ahli,Al Ittihad,1.64,1.17,1,1,2,0,0,0,0,5,5,0,0,2,6,5,13,0
1035,Al Batin,Al Wahda,1.15,1.42,1,1,2,0,0,0,0,6,2,0,0,5,5,13,16,0
1036,Al Hazm,Al Feiha,1.18,0.54,0,1,1,0,0,0,0,4,6,0,0,3,6,-1,-1,-1
1037,Al Shabab,Al Faisaly,2.0,0.92,2,1,3,1,1,1,0,4,9,0,0,7,3,12,11,1
1038,Al Taawon,Al Raed,2.08,1.25,2,1,3,0,0,0,0,17,0,0,1,6,2,10,11,1
1039,Al Quadisiya,Al Ahli,1.17,1.83,1,2,3,2,1,1,1,4,4,0,0,5,6,15,17,-1
1040,Al Nassr,Al Ittifaq,2.45,0.67,3,2,5,1,0,0,1,12,5,0,2,9,6,11,16,1
1041,Al Hilal,Al Wahda,2.25,1.42,1,1,2,0,0,0,0,7,3,0,0,8,4,14,16,0
1042,Al Ittihad,Al Feiha,0.67,0.54,2,0,2,0,0,0,0,5,1,0,0,7,0,17,8,2
1043,Al Fateh,Al Batin,1.57,0.64,0,2,2,2,0,0,2,10,3,0,0,6,6,12,13,-2
1044,Al Hazm,Ohod,1.18,0.27,2,2,4,1,1,1,0,5,12,0,0,12,5,-1,-1,0
1045,Al Faisaly,Al Quadisiya,1.83,0.83,3,0,3,0,0,0,0,5,10,0,0,8,8,7,11,3
1046,Al Taawon,Al Fateh,2.08,1.1,1,1,2,1,0,0,1,1,3,0,0,3,4,5,15,0
1047,Al Raed,Al Batin,1.08,0.64,1,0,1,1,1,1,0,6,8,0,0,8,6,17,21,1
1048,Al Ittifaq,Al Shabab,1.75,1.67,1,1,2,2,1,1,1,5,13,0,0,4,12,21,12,0
1049,Al Hazm,Al Ittihad,1.18,1.17,0,3,3,1,0,0,1,3,4,1,0,3,10,16,21,-3
1050,Al Wahda,Al Nassr,1.58,2.15,0,4,4,1,0,0,1,1,4,0,0,2,8,16,11,-4
1051,Al Hilal,Ohod,2.25,0.27,0,0,0,0,0,0,0,-1,-1,0,0,-1,-1,-1,-1,0
1052,Al Hazm,Al Fateh,1.18,1.1,0,0,0,0,0,0,0,-1,-1,0,0,-1,-1,-1,-1,0
1053,Al Feiha,Al Batin,1.2,0.64,0,0,0,0,0,0,0,-1,-1,0,0,-1,-1,-1,-1,0
1054,Al Taawon,Al Wahda,2.08,1.42,0,0,0,0,0,0,0,-1,-1,0,0,-1,-1,-1,-1,0
1055,Al Ittifaq,Al Quadisiya,1.75,0.83,0,0,0,0,0,0,0,-1,-1,0,0,-1,-1,-1,-1,0
1056,Al Ahli,Al Raed,1.64,1.25,0,0,0,0,0,0,0,-1,-1,0,0,-1,-1,-1,-1,0
1057,Al Faisaly,Al Ittihad,1.83,1.17,0,0,0,0,0,0,0,-1,-1,0,0,-1,-1,-1,-1,0
1058,Ohod,Al Shabab,0.92,1.67,0,0,0,0,0,0,0,-1,-1,0,0,-1,-1,-1,-1,0
1059,Al Nassr,Al Hilal,2.45,2.64,0,0,0,0,0,0,0,-1,-1,0,0,-1,-1,-1,-1,0
1060,Al Feiha,Al Ahli,1.2,1.83,0,0,0,0,0,0,0,-1,-1,0,0,-1,-1,-1,-1,0
1061,Al Faisaly,Al Fateh,1.83,1.1,0,0,0,0,0,0,0,-1,-1,0,0,-1,-1,-1,-1,0
1062,Al Hazm,Al Hilal,1.18,2.64,0,0,0,0,0,0,0,-1,-1,0,0,-1,-1,-1,-1,0
1063,Al Wahda,Al Ittifaq,1.58,0.67,0,0,0,0,0,0,0,-1,-1,0,0,-1,-1,-1,-1,0
1064,Al Quadisiya,Ohod,1.17,0.27,0,0,0,0,0,0,0,-1,-1,0,0,-1,-1,-1,-1,0
1065,Al Feiha,Al Taawon,1.2,1.5,0,0,0,0,0,0,0,-1,-1,0,0,-1,-1,-1,-1,0
1066,Al Raed,Al Nassr,1.08,2.15,0,0,0,0,0,0,0,-1,-1,0,0,-1,-1,-1,-1,0
1067,Al Ittihad,Al Batin,0.67,0.64,0,0,0,0,0,0,0,-1,-1,0,0,-1,-1,-1,-1,0
1068,Al Shabab,Al Ahli,2.0,1.83,0,0,0,0,0,0,0,-1,-1,0,0,-1,-1,-1,-1,0
1069,Al Batin,Al Shabab,1.15,1.67,0,0,0,0,0,0,0,-1,-1,0,0,-1,-1,-1,-1,0
1070,Al Hazm,Al Raed,1.18,1.25,0,0,0,0,0,0,0,-1,-1,0,0,-1,-1,-1,-1,0
1071,Ohod,Al Feiha,0.92,0.54,0,0,0,0,0,0,0,-1,-1,0,0,-1,-1,-1,-1,0
1072,Al Ittifaq,Al Fateh,1.75,1.1,0,0,0,0,0,0,0,-1,-1,0,0,-1,-1,-1,-1,0
1073,Al Nassr,Al Ittihad,2.45,1.17,0,0,0,0,0,0,0,-1,-1,0,0,-1,-1,-1,-1,0
1074,Al Taawon,Al Quadisiya,2.08,0.83,0,0,0,0,0,0,0,-1,-1,0,0,-1,-1,-1,-1,0
1075,Al Wahda,Al Faisaly,1.58,0.92,0,0,0,0,0,0,0,-1,-1,0,0,-1,-1,-1,-1,0
1076,Al Ahli,Al Hilal,1.64,2.64,0,0,0,0,0,0,0,-1,-1,0,0,-1,-1,-1,-1,0
1077,Al Quadisiya,Al Batin,1.17,0.64,0,0,0,0,0,0,0,-1,-1,0,0,-1,-1,-1,-1,0
1078,Al Hilal,Al Taawon,2.25,1.5,0,0,0,0,0,0,0,-1,-1,0,0,-1,-1,-1,-1,0
1079,Al Feiha,Al Faisaly,1.2,0.92,0,0,0,0,0,0,0,-1,-1,0,0,-1,-1,-1,-1,0
1080,Al Nassr,Al Fateh,2.45,1.1,0,0,0,0,0,0,0,-1,-1,0,0,-1,-1,-1,-1,0
1081,Al Shabab,Al Hazm,2.0,0.85,0,0,0,0,0,0,0,-1,-1,0,0,-1,-1,-1,-1,0
1082,Al Raed,Ohod,1.08,0.27,0,0,0,0,0,0,0,-1,-1,0,0,-1,-1,-1,-1,0
1083,Al Ahli,Al Wahda,1.64,1.42,0,0,0,0,0,0,0,-1,-1,0,0,-1,-1,-1,-1,0
1084,Al Ittihad,Al Ittifaq,0.67,0.67,0,0,0,0,0,0,0,-1,-1,0,0,-1,-1,-1,-1,0
1085,Al Raed,Al Feiha,1.08,0.54,0,0,0,0,0,0,0,-1,-1,0,0,-1,-1,-1,-1,0
1086,Al Ittifaq,Al Hilal,1.75,2.64,0,0,0,0,0,0,0,-1,-1,0,0,-1,-1,-1,-1,0
1087,Al Shabab,Al Taawon,2.0,1.5,0,0,0,0,0,0,0,-1,-1,0,0,-1,-1,-1,-1,0
1088,Al Ittihad,Al Fateh,0.67,1.1,0,0,0,0,0,0,0,-1,-1,0,0,-1,-1,-1,-1,0
1089,Al Faisaly,Al Ahli,1.83,1.83,0,0,0,0,0,0,0,-1,-1,0,0,-1,-1,-1,-1,0
1090,Al Batin,Ohod,1.15,0.27,0,0,0,0,0,0,0,-1,-1,0,0,-1,-1,-1,-1,0
1091,Al Wahda,Al Quadisiya,1.58,0.83,0,0,0,0,0,0,0,-1,-1,0,0,-1,-1,-1,-1,0
1092,Al Hazm,Al Nassr,1.18,2.15,0,0,0,0,0,0,0,-1,-1,0,0,-1,-1,-1,-1,0
1093,Al Ahli,Al Ittifaq,1.64,0.67,0,0,0,0,0,0,0,-1,-1,0,0,-1,-1,-1,-1,0
1094,Ohod,Al Ittihad,0.92,1.17,0,0,0,0,0,0,0,-1,-1,0,0,-1,-1,-1,-1,0
1095,Al Fateh,Al Raed,1.57,1.25,0,0,0,0,0,0,0,-1,-1,0,0,-1,-1,-1,-1,0
1096,Al Hilal,Al Shabab,2.25,1.67,0,0,0,0,0,0,0,-1,-1,0,0,-1,-1,-1,-1,0
1097,Al Quadisiya,Al Hazm,1.17,0.85,0,0,0,0,0,0,0,-1,-1,0,0,-1,-1,-1,-1,0
1098,Al Nassr,Al Batin,2.45,0.64,0,0,0,0,0,0,0,-1,-1,0,0,-1,-1,-1,-1,0
1099,Al Feiha,Al Wahda,1.2,1.42,0,0,0,0,0,0,0,-1,-1,0,0,-1,-1,-1,-1,0
1100,Al Taawon,Al Faisaly,2.08,0.92,0,0,0,0,0,0,0,-1,-1,0,0,-1,-1,-1,-1,0
