full_name,age,league,season,position,Current Club,minutes_played_overall,minutes_played_home,minutes_played_away,nationality,appearances_overall,appearances_home,appearances_away,goals_overall,goals_home,goals_away,assists_overall,assists_home,assists_away,penalty_goals,penalty_misses,clean_sheets_overall,clean_sheets_home,clean_sheets_away,conceded_overall,conceded_home,conceded_away,yellow_cards_overall,red_cards_overall,goals_involved_per_90_overall,assists_per_90_overall,goals_per_90_overall,goals_per_90_home,goals_per_90_away,min_per_goal_overall,conceded_per_90_overall,min_per_conceded_overall,min_per_match,min_per_card_overall,min_per_assist_overall,cards_per_90_overall,rank_in_league_top_attackers,rank_in_league_top_midfielders,rank_in_league_top_defenders,rank_in_club_top_scorer
Abdullah Hussain Al Oaisher,27,Professional League,2013/2014,Goalkeeper,Al Fateh,1350,630,720,Saudi Arabia,15,7,8,0,0,0,0,0,0,0,0,3,3,0,22,8,14,0,0,0,0,0,0,0,0,1.47,61,90,0,0,0,285,1,86,12
Mohammad Saleh Al Nakhli,34,Professional League,2013/2014,Defender,Al Fateh,508,180,328,Saudi Arabia,6,2,4,0,0,0,0,0,0,0,0,0,0,0,9,4,5,0,0,0,0,0,0,0,0,1.59,56,85,0,0,0,212,144,94,14
Mishal Al Saeed,35,Professional League,2013/2014,Defender,Al Fateh,1702,990,712,Saudi Arabia,19,11,8,0,0,0,0,0,0,0,0,4,4,0,25,11,14,7,1,0,0,0,0,0,0,1.32,68,90,243,0,0.37,189,194,65,19
Bader Al Nakhli,30,Professional League,2013/2014,Defender,Al Fateh,2160,1080,1080,Saudi Arabia,24,12,12,1,1,0,0,0,0,0,0,4,4,0,33,11,22,6,0,0.04,0,0.04,0.08,0,2160,1.38,65,90,360,0,0.25,150,193,73,6
Élton José Xavier Gomes,32,Professional League,2013/2014,Midfielder,Al Fateh,1960,980,980,Brazil,24,11,11,9,5,4,0,0,0,4,0,3,3,0,33,12,21,2,0,0.41,0,0.41,0.46,0.37,218,1.52,59,82,980,0,0.09,24,192,-1,2
Hamdan Al Hamdan,33,Professional League,2013/2014,Midfielder,Al Fateh,1937,996,941,Saudi Arabia,24,11,10,5,3,2,0,0,0,0,0,4,4,0,28,12,16,2,0,0.23,0,0.23,0.27,0.19,387,1.3,69,81,969,0,0.09,58,191,-1,3
Mubark Al Asmari,31,Professional League,2013/2014,Midfielder,Al Fateh,1779,905,874,Saudi Arabia,23,11,10,0,0,0,0,0,0,0,0,4,4,0,30,12,18,1,0,0,0,0,0,0,0,1.52,59,77,1779,0,0.05,187,190,-1,18
Mohammed Alfehaid,28,Professional League,2013/2014,Midfielder,Al Fateh,1854,861,993,Saudi Arabia,22,9,11,0,0,0,0,0,0,0,0,2,2,0,30,8,22,7,0,0,0,0,0,0,0,1.46,62,84,265,0,0.34,186,189,-1,17
Abdullah Al Dosari,35,Professional League,2013/2014,Midfielder,Al Fateh,840,425,415,Saudi Arabia,13,5,4,0,0,0,0,0,0,0,0,3,3,0,12,4,8,1,0,0,0,0,0,0,0,1.29,70,65,840,0,0.11,184,187,-1,16
Rabeaa Sefiani,31,Professional League,2013/2014,Forward,Al Fateh,489,182,307,Saudi Arabia,14,2,3,0,0,0,0,0,0,0,0,5,5,0,8,3,5,0,0,0,0,0,0,0,0,1.47,61,35,0,0,0,174,180,-1,15
Doris Salomo Fuakuputu,34,Professional League,2013/2014,Forward,Al Fateh,2222,1145,1077,Congo DR,25,13,12,11,8,3,0,0,0,0,0,4,4,0,32,12,20,3,0,0.45,0,0.45,0.63,0.25,202,1.3,69,89,741,0,0.12,19,186,-1,1
Abdulrahman Al Qahtani,35,Professional League,2013/2014,Midfielder,Al Fateh,290,184,106,Saudi Arabia,10,1,1,0,0,0,0,0,0,0,0,2,2,0,5,3,2,1,0,0,0,0,0,0,0,1.55,58,29,290,0,0.31,175,185,-1,13
Hussain Al Mogahwi,30,Professional League,2013/2014,Midfielder,Al Fateh,1760,883,877,Saudi Arabia,26,10,11,0,0,0,0,0,0,0,0,4,4,0,27,6,21,0,0,0,0,0,0,0,0,1.38,65,68,0,0,0,190,184,-1,8
Abdulaziz Oboshqra,36,Professional League,2013/2014,Defender,Al Fateh,1692,930,762,Saudi Arabia,22,10,9,1,0,1,0,0,0,0,0,4,4,0,26,9,17,5,0,0.05,0,0.05,0,0.12,1692,1.38,65,77,338,0,0.27,134,183,72,7
Abdullah El Abdullah,33,Professional League,2013/2014,Defender,Al Fateh,932,392,540,Saudi Arabia,12,5,6,2,1,1,0,0,0,0,0,2,2,0,16,6,10,0,0,0.19,0,0.19,0.23,0.17,466,1.55,58,78,0,0,0,74,182,91,5
Fahad Mohammed Al Thunayyan,32,Professional League,2013/2014,Goalkeeper,Al Taawon,2059,990,1069,Saudi Arabia,23,11,12,0,0,0,0,0,0,0,0,5,2,3,22,9,13,3,0,0,0,0,0,0,0,0.96,94,90,686,0,0.13,204,181,24,20
Adnan Ibrahem Falatah,35,Professional League,2013/2014,Defender,Al Taawon,2042,1064,978,Saudi Arabia,23,12,11,2,2,0,0,0,0,0,0,5,2,3,23,12,11,2,0,0.09,0,0.09,0.17,0,1021,1.01,89,89,1021,0,0.09,110,195,35,4
Sanad Ahmad Shrahilee,32,Professional League,2013/2014,Defender,Al Taawon,1800,900,900,Saudi Arabia,20,10,10,1,1,0,0,0,0,0,0,5,2,3,16,8,8,7,0,0.05,0,0.05,0.1,0,1800,0.8,113,90,257,0,0.35,140,188,11,10
Mahmoud Moad,34,Professional League,2013/2014,Defender,Al Taawon,2066,990,1076,Saudi Arabia,23,11,12,1,0,1,0,0,0,0,0,6,2,4,25,13,12,7,0,0.04,0,0.04,0,0.08,2066,1.09,83,90,295,0,0.3,145,196,42,9
Majed Hazazi,30,Professional League,2013/2014,Defender,Al Taawon,1982,964,1018,Saudi Arabia,24,12,12,0,0,0,0,0,0,0,0,6,2,4,22,12,10,2,0,0,0,0,0,0,0,1,90,83,991,0,0.09,172,206,29,12
David Ochieng,26,Professional League,2013/2014,Defender,Al Taawon,2322,1170,1152,Kenya,26,13,13,0,0,0,0,0,0,0,0,6,2,4,26,13,13,2,0,0,0,0,0,0,0,1.01,89,89,1161,0,0.08,193,212,32,11
Vinícius Cunha Reche,34,Professional League,2013/2014,Midfielder,Al Taawon,1898,987,911,Brazil,23,11,11,7,4,3,0,0,0,3,0,5,2,3,22,11,11,6,0,0.33,0,0.33,0.36,0.3,271,1.04,86,83,316,0,0.28,36,211,-1,2
Shadi Nadmi Mohammad Abu Hashhash,37,Professional League,2013/2014,Midfielder,Al Taawon,1999,945,1054,Jordan,23,10,12,1,0,1,0,0,0,0,0,6,2,4,21,10,11,3,0,0.05,0,0.05,0,0.09,1999,0.95,95,87,666,0,0.14,133,210,-1,8
Abdoh Hakami,35,Professional League,2013/2014,Midfielder,Al Taawon,1438,766,672,Saudi Arabia,20,9,7,1,0,1,0,0,0,0,0,5,2,3,18,10,8,2,0,0.06,0,0.06,0,0.13,1438,1.13,80,72,719,0,0.13,126,209,-1,6
Fahad Mohammed Hamad Al Yamani,28,Professional League,2013/2014,Midfielder,Al Taawon,1539,656,883,Saudi Arabia,20,10,10,1,0,1,0,0,0,0,0,4,2,2,20,8,12,6,0,0.06,0,0.06,0,0.1,1539,1.17,77,77,257,0,0.35,130,208,-1,5
Paul Claudel Alo'o Efoulou,34,Professional League,2013/2014,Forward,Al Taawon,2044,1104,940,Cameroon,24,13,10,12,8,4,0,0,0,0,0,6,2,4,21,13,8,1,0,0.53,0,0.53,0.65,0.38,170,0.92,97,85,2044,0,0.04,16,207,-1,1
Bader Abdulaziz Al Kharashi,36,Professional League,2013/2014,Forward,Al Taawon,643,284,359,Saudi Arabia,17,1,2,3,1,2,0,0,0,0,0,3,1,2,3,1,2,3,0,0.42,0,0.42,0.32,0.5,214,0.42,214,38,214,0,0.42,23,205,-1,3
Saleh Al Mohemed,25,Professional League,2013/2014,Midfielder,Al Taawon,570,201,369,Saudi Arabia,15,1,3,0,0,0,0,0,0,0,0,2,0,2,9,5,4,2,0,0,0,0,0,0,0,1.42,63,38,285,0,0.32,173,198,-1,13
Faisal Al Margab,37,Professional League,2013/2014,Goalkeeper,Al Taawon,281,180,101,Saudi Arabia,4,2,1,0,0,0,0,0,0,0,0,1,0,1,4,4,0,1,0,0,0,0,0,0,0,1.28,70,70,281,0,0.32,156,204,63,14
Bader Al Deayea,29,Professional League,2013/2014,Goalkeeper,Al Nassr,90,90,0,Saudi Arabia,1,1,0,0,0,0,0,0,0,0,0,1,1,0,0,0,0,0,0,0,0,0,0,0,0,0,0,90,0,0,0,-1,-1,-1,18
Mohamed Husain Mohamed Hasan Bahzad,38,Professional League,2013/2014,Defender,Al Nassr,1774,900,874,Bahrain,20,10,10,0,0,0,0,0,0,0,0,10,4,6,12,9,3,0,0,0,0,0,0,0,0,0.61,148,89,0,0,0,155,203,6,24
Ibrahim Al Zubaidi,29,Professional League,2013/2014,Defender,Al Nassr,226,180,46,Saudi Arabia,3,2,1,0,0,0,0,0,0,0,0,2,1,1,1,1,0,0,0,0,0,0,0,0,0,0.4,226,75,0,0,0,-1,-1,-1,27
Omar Ibrahim Omar Othman Hawsawi,33,Professional League,2013/2014,Defender,Al Nassr,1980,900,1080,Saudi Arabia,22,10,12,3,2,1,0,0,0,0,0,10,5,5,15,8,7,10,0,0.14,0,0.14,0.2,0.08,660,0.68,132,90,198,0,0.45,91,202,7,6
Mohammed Mohammed Noor Adam Al Hawsawi,40,Professional League,2013/2014,Midfielder,Al Nassr,1196,725,471,Saudi Arabia,19,10,6,0,0,0,0,0,0,0,0,8,4,4,11,10,1,2,0,0,0,0,0,0,0,0.83,109,63,598,0,0.15,154,201,-1,26
Rafael Bastos,33,Professional League,2013/2014,Midfielder,Al Nassr,621,324,297,Brazil,9,4,4,4,3,1,0,0,0,0,0,7,3,4,2,2,0,1,0,0.58,0,0.58,0.83,0.3,155,0.29,311,69,621,0,0.14,12,200,-1,5
Yehya Sulaiman Al Shehri,28,Professional League,2013/2014,Midfielder,Al Nassr,1898,912,986,Saudi Arabia,25,11,11,5,2,3,0,0,0,0,0,11,5,6,13,8,5,1,0,0.24,0,0.24,0.2,0.27,380,0.62,146,76,1898,0,0.05,52,199,-1,3
Shaya Ali Sharahli,28,Professional League,2013/2014,Midfielder,Al Nassr,2040,1007,1033,Saudi Arabia,24,11,12,0,0,0,0,0,0,0,0,11,5,6,15,9,6,5,0,0,0,0,0,0,0,0.66,136,85,408,0,0.22,153,197,-1,25
Ibrahim Mohammed Ghaleb Jahshan,28,Professional League,2013/2014,Midfielder,Al Nassr,2063,983,1080,Saudi Arabia,23,11,12,2,1,1,0,0,0,1,0,11,5,6,16,9,7,3,0,0.09,0,0.09,0.09,0.08,1032,0.7,129,90,688,0,0.13,105,178,-1,7
Everton Ramos da Silva,35,Professional League,2013/2014,Forward,Al Nassr,516,292,224,Brazil,8,4,3,2,1,1,0,0,0,0,0,6,3,3,0,0,0,0,0,0.35,0,0.35,0.31,0.4,258,0,0,65,0,0,0,32,161,-1,8
Mohammad Ibrahim Al Sahlawi,31,Professional League,2013/2014,Forward,Al Nassr,1576,785,791,Saudi Arabia,23,8,8,17,7,10,0,0,0,2,0,9,4,5,17,11,6,2,0,0.97,0,0.97,0.8,1.14,93,0.97,93,69,788,0,0.11,2,177,-1,1
Hassan Al Raheb,35,Professional League,2013/2014,Forward,Al Nassr,667,263,404,Saudi Arabia,20,2,4,4,2,2,0,0,0,0,0,8,3,5,1,1,0,5,0,0.54,0,0.54,0.68,0.45,167,0.13,667,33,133,0,0.67,15,146,-1,4
Abdoh Ibrahim Autef,34,Professional League,2013/2014,Midfielder,Al Nassr,388,148,240,Saudi Arabia,12,0,3,1,0,1,0,0,0,0,0,5,3,2,3,0,3,0,0,0.23,0,0.23,0,0.38,388,0.7,129,32,0,0,0,59,147,-1,10
Abdulrahim Mustafa Jaizawi,29,Professional League,2013/2014,Midfielder,Al Nassr,276,170,106,Saudi Arabia,11,1,0,1,1,0,0,0,0,0,0,5,2,3,3,2,1,2,0,0.33,0,0.33,0.53,0,276,0.98,92,25,138,0,0.65,37,148,-1,11
Awdh Khamis Faraj,30,Professional League,2013/2014,Midfielder,Al Nassr,977,445,532,Saudi Arabia,16,5,5,0,0,0,0,0,0,0,0,3,0,3,14,8,6,3,0,0,0,0,0,0,0,1.29,70,61,326,0,0.28,161,149,-1,19
Jumaan Ibrahim Al Dosari,31,Professional League,2013/2014,Defender,Al Nassr,375,180,195,Saudi Arabia,7,2,2,1,1,0,0,0,0,0,0,1,0,1,5,3,2,0,0,0.24,0,0.24,0.5,0,375,1.2,75,54,0,0,0,53,150,53,12
Mohammed Eid Al Bishi,31,Professional League,2013/2014,Defender,Al Nassr,644,360,284,Saudi Arabia,8,4,3,0,0,0,0,0,0,0,0,3,1,2,7,4,3,3,0,0,0,0,0,0,0,0.98,92,81,215,0,0.42,162,151,26,23
Mutab Aseri,31,Professional League,2013/2014,Goalkeeper,Al Nassr,164,74,90,Saudi Arabia,2,0,1,0,0,0,0,0,0,0,0,0,0,0,0,0,0,0,0,0,0,0,0,0,0,0,0,82,0,0,0,-1,-1,-1,22
Nasser Al Saieri,30,Professional League,2013/2014,Goalkeeper,Najran,1980,990,990,Saudi Arabia,22,11,11,0,0,0,0,0,0,0,0,5,4,1,32,11,21,2,0,0,0,0,0,0,0,1.45,62,90,990,0,0.09,166,152,82,10
Farid Cheklam,34,Professional League,2013/2014,Defender,Najran,2142,1152,990,Algeria,24,13,11,0,0,0,0,0,0,0,0,6,5,1,35,14,21,3,0,0,0,0,0,0,0,1.47,61,89,714,0,0.13,170,153,85,22
Azzan Mqbol,34,Professional League,2013/2014,Defender,Najran,1735,826,909,Saudi Arabia,21,9,10,0,0,0,0,0,0,0,0,6,5,1,30,6,24,1,0,0,0,0,0,0,0,1.56,58,83,1735,0,0.05,211,154,92,26
Hossam Al Jadani,29,Professional League,2013/2014,Defender,Najran,433,186,247,Saudi Arabia,6,2,3,0,0,0,0,0,0,0,0,1,1,0,12,7,5,2,0,0,0,0,0,0,0,2.49,36,72,217,0,0.42,249,155,119,25
Jafar Al Saeed,27,Professional League,2013/2014,Defender,Najran,233,143,90,Saudi Arabia,4,2,1,0,0,0,0,0,0,0,0,2,2,0,3,1,2,0,0,0,0,0,0,0,0,1.16,78,58,0,0,0,-1,-1,-1,24
Waheed Akanni Oseni,30,Professional League,2013/2014,Midfielder,Najran,1314,630,684,Nigeria,15,7,8,1,1,0,0,0,0,0,0,4,4,0,23,4,19,2,0,0.07,0,0.07,0.14,0,1314,1.58,57,88,657,0,0.14,121,156,-1,8
Ahmed Al Suhail,30,Professional League,2013/2014,Midfielder,Najran,1785,855,930,Saudi Arabia,23,11,11,1,0,1,0,0,0,0,0,6,5,1,27,9,18,2,0,0.05,0,0.05,0,0.1,1785,1.36,66,78,893,0,0.1,137,157,-1,9
Awadh Khrees,27,Professional League,2013/2014,Midfielder,Najran,2097,990,1107,Saudi Arabia,24,11,13,2,1,1,0,0,0,0,0,5,4,1,37,12,25,3,0,0.09,0,0.09,0.09,0.08,1049,1.59,57,87,699,0,0.13,109,158,-1,3
Jandson Dos Santos,32,Professional League,2013/2014,Forward,Najran,2237,1170,1067,Brazil,25,13,12,14,8,6,0,0,0,1,0,6,5,1,39,14,25,5,0,0.56,0,0.56,0.62,0.51,160,1.57,57,89,447,0,0.2,13,159,-1,1
Mutab Salem Al Hamsal,27,Professional League,2013/2014,Forward,Najran,777,243,534,Saudi Arabia,17,3,5,2,1,1,0,0,0,0,0,4,3,1,17,2,15,1,0,0.23,0,0.23,0.37,0.17,389,1.97,46,46,777,0,0.12,56,145,-1,4
Mus'ab Al Laham,27,Professional League,2013/2014,Forward,Najran,1971,1034,937,Jordan,25,12,10,5,3,2,0,0,0,0,0,6,5,1,32,13,19,4,0,0.23,0,0.23,0.26,0.19,394,1.46,62,79,493,0,0.18,60,160,-1,2
Abdulaziz Mbarak Al Hamsal,31,Professional League,2013/2014,Midfielder,Najran,1413,844,569,Saudi Arabia,20,9,6,0,0,0,0,0,0,0,0,5,4,1,28,12,16,5,0,0,0,0,0,0,0,1.78,50,71,283,0,0.32,261,170,-1,23
Hamad Al Rabaei,37,Professional League,2013/2014,Midfielder,Najran,1879,978,901,Saudi Arabia,25,11,10,2,1,1,0,0,0,0,0,6,5,1,31,10,21,4,0,0.1,0,0.1,0.09,0.1,940,1.48,61,75,470,0,0.19,104,176,-1,5
Salman Saeed Al Hariri,30,Professional League,2013/2014,Midfielder,Najran,172,114,58,Saudi Arabia,6,0,1,0,0,0,0,0,0,0,0,1,1,0,5,1,4,1,0,0,0,0,0,0,0,2.62,34,29,172,0,0.52,-1,-1,-1,17
Salih Dowes,36,Professional League,2013/2014,Midfielder,Najran,329,259,70,Saudi Arabia,7,3,0,0,0,0,0,0,0,0,0,3,3,0,4,2,2,1,0,0,0,0,0,0,0,1.09,82,47,329,0,0.27,256,175,-1,21
Taisir Ahmed Al Antaif,44,Professional League,2013/2014,Goalkeeper,Al Nahdha,810,540,270,Saudi Arabia,9,6,3,0,0,0,0,0,0,0,0,3,1,2,18,16,2,0,0,0,0,0,0,0,0,2,45,90,0,0,0,255,174,106,20
Abdullah Mubarak Al Dawsari,28,Professional League,2013/2014,Defender,Al Nahdha,1673,990,683,Saudi Arabia,19,11,8,0,0,0,0,0,0,0,0,4,3,1,46,18,28,2,0,0,0,0,0,0,0,2.47,36,88,837,0,0.11,254,173,118,24
Amine Abbès,31,Professional League,2013/2014,Defender,Al Nahdha,1694,692,1002,Tunisia,20,8,12,1,1,0,0,0,0,0,0,5,3,2,52,16,36,6,0,0.05,0,0.05,0.13,0,1694,2.76,33,85,282,0,0.32,135,172,122,11
Abdullah Zayed Al Dossary,31,Professional League,2013/2014,Defender,Al Nahdha,693,412,281,Saudi Arabia,10,4,3,0,0,0,0,0,0,0,0,1,1,0,21,10,11,3,0,0,0,0,0,0,0,2.73,33,69,231,0,0.39,252,171,121,30
Hani Al Dhahi,32,Professional League,2013/2014,Defender,Al Nahdha,1301,707,594,Saudi Arabia,18,9,7,1,1,0,0,0,0,1,0,3,2,1,32,13,19,6,0,0.07,0,0.07,0.13,0,1301,2.21,41,72,217,0,0.42,122,169,111,12
Faisal Saad Al Dosari,34,Professional League,2013/2014,Midfielder,Al Nahdha,271,128,143,Saudi Arabia,4,2,2,0,0,0,0,0,0,0,0,1,0,1,9,5,4,0,0,0,0,0,0,0,0,2.99,30,68,0,0,0,251,162,-1,29
Renan da Silva,29,Professional League,2013/2014,Midfielder,Al Nahdha,636,431,205,Brazil,11,5,3,2,2,0,0,0,0,0,0,2,1,1,22,14,8,1,0,0.28,0,0.28,0.42,0,318,3.11,29,58,636,0,0.14,43,168,-1,6
Mohammed Al Dahi,30,Professional League,2013/2014,Midfielder,Al Nahdha,1724,942,782,Saudi Arabia,21,11,9,5,4,1,0,0,0,1,0,4,3,1,39,14,25,4,0,0.26,0,0.26,0.38,0.12,345,2.04,44,82,431,0,0.21,49,167,-1,2
Ismaeel Abdulatif Ismaeel Hasan,32,Professional League,2013/2014,Forward,Al Nahdha,745,373,372,Bahrain,11,5,4,3,2,1,0,0,0,0,0,2,1,1,22,10,12,1,0,0.36,0,0.36,0.48,0.24,248,2.66,34,68,745,0,0.12,30,166,-1,4
Adama Traoré,28,Professional League,2013/2014,Forward,Al Nahdha,452,180,272,Mali,6,2,4,0,0,0,0,0,0,0,0,1,0,1,12,6,6,3,0,0,0,0,0,0,0,2.39,38,75,151,0,0.6,267,165,-1,28
Abdulhalim Al Amoudi,32,Professional League,2013/2014,Forward,Al Nahdha,816,470,346,Saudi Arabia,13,5,4,2,2,0,0,0,0,0,0,1,1,0,23,10,13,1,0,0.22,0,0.22,0.38,0,408,2.54,35,63,816,0,0.11,63,164,-1,5
Emad Al Dossari,28,Professional League,2013/2014,Midfielder,Al Nahdha,1533,833,700,Saudi Arabia,21,9,7,0,0,0,0,0,0,0,0,5,3,2,43,17,26,3,0,0,0,0,0,0,0,2.52,36,73,511,0,0.18,284,163,-1,27
Faisal Majrashi,34,Professional League,2013/2014,Forward,Al Nahdha,882,343,539,Saudi Arabia,16,4,5,0,0,0,0,0,0,0,0,2,1,1,22,5,17,2,0,0,0,0,0,0,0,2.24,40,55,441,0,0.2,282,213,-1,26
Mazen Abu Shararah,27,Professional League,2013/2014,Forward,Al Nahdha,267,190,77,Saudi Arabia,10,1,0,1,1,0,0,0,0,0,0,2,1,1,6,6,0,2,1,0.34,0,0.34,0.47,0,267,2.02,45,27,134,0,0.67,-1,-1,-1,8
Ahmad Al Dossari,37,Professional League,2013/2014,Defender,Al Nahdha,1816,838,978,Saudi Arabia,21,9,10,0,0,0,0,0,0,0,0,4,2,2,47,17,30,2,0,0,0,0,0,0,0,2.33,39,86,908,0,0.1,281,179,115,25
Hussain Hagawi,33,Professional League,2013/2014,Defender,Al Nahdha,910,370,540,Saudi Arabia,11,4,6,0,0,0,0,0,0,0,0,2,0,2,30,15,15,2,0,0,0,0,0,0,0,2.97,30,83,455,0,0.2,280,214,123,21
Sahib Jasim Al Abdullah,41,Professional League,2013/2014,Midfielder,Al Nahdha,684,415,269,Saudi Arabia,10,5,4,0,0,0,0,0,0,0,0,2,1,1,19,13,6,2,0,0,0,0,0,0,0,2.5,36,68,342,0,0.26,279,251,-1,23
Wadia Al Obaid Al Obaid,30,Professional League,2013/2014,Goalkeeper,Al Nahdha,1350,540,810,Saudi Arabia,15,6,9,0,0,0,0,0,0,0,0,2,2,0,40,8,32,0,0,0,0,0,0,0,0,2.67,34,90,0,0,0,278,266,120,22
Khaled Nasser,29,Professional League,2013/2014,Goalkeeper,Al Shoalah,900,360,540,Saudi Arabia,10,4,6,0,0,0,0,0,0,0,0,0,0,0,21,7,14,2,0,0,0,0,0,0,0,2.1,43,90,450,0,0.2,276,265,107,9
Yahia Al Kabie,31,Professional League,2013/2014,Defender,Al Shoalah,1943,832,1111,Saudi Arabia,23,9,13,0,0,0,0,0,0,0,0,5,2,3,32,11,21,5,0,0,0,0,0,0,0,1.48,61,84,389,0,0.23,271,264,87,17
Majed Al Marhoum,36,Professional League,2013/2014,Defender,Al Shoalah,930,330,600,Saudi Arabia,16,4,6,0,0,0,0,0,0,0,0,2,0,2,23,7,16,4,0,0,0,0,0,0,0,2.23,40,58,233,0,0.39,248,263,112,20
Mamadou Kondo,28,Professional League,2013/2014,Defender,Al Shoalah,1971,1161,810,Mali,22,13,9,0,0,0,0,0,0,0,0,4,2,2,32,17,15,5,1,0,0,0,0,0,0,1.46,62,90,394,0,0.23,230,262,83,19
Meshaal Al Ajmi,26,Professional League,2013/2014,Defender,Al Shoalah,566,249,317,Saudi Arabia,8,3,4,0,0,0,0,0,0,0,0,0,0,0,15,4,11,2,1,0,0,0,0,0,0,2.39,38,71,189,0,0.48,227,261,116,18
Sultan Tamihi,32,Professional League,2013/2014,Defender,Al Shoalah,1901,990,911,Saudi Arabia,22,11,10,2,1,1,0,0,0,0,0,5,2,3,29,13,16,2,0,0.09,0,0.09,0.09,0.1,951,1.37,66,86,951,0,0.09,108,259,71,6
Mosfer Al Bishi,30,Professional League,2013/2014,Midfielder,Al Shoalah,1691,933,758,Saudi Arabia,23,11,9,3,2,1,0,0,0,0,0,4,2,2,29,13,16,4,0,0.16,0,0.16,0.19,0.12,564,1.54,58,74,423,0,0.21,85,252,-1,4
Lassana Fané,30,Professional League,2013/2014,Midfielder,Al Shoalah,2097,1026,1071,Mali,24,12,12,4,2,2,0,0,0,1,0,5,2,3,35,13,22,8,0,0.17,0,0.17,0.18,0.17,524,1.5,60,87,262,0,0.34,81,258,-1,3
Waleed Khalid Abd Rabo Al Gizani,37,Professional League,2013/2014,Forward,Al Shoalah,1838,969,869,Saudi Arabia,24,11,9,7,3,4,0,0,0,0,0,5,2,3,36,15,21,2,0,0.34,0,0.34,0.28,0.41,263,1.76,51,77,919,0,0.1,35,257,-1,2
Hassan Tir,35,Professional League,2013/2014,Forward,Al Shoalah,2142,1080,1062,Morocco,24,12,12,10,7,3,0,0,0,0,0,5,2,3,33,15,18,5,0,0.42,0,0.42,0.58,0.25,214,1.39,65,89,428,0,0.21,21,256,-1,1
Borj Maodha,35,Professional League,2013/2014,Forward,Al Shoalah,596,177,419,Saudi Arabia,14,3,5,0,0,0,0,0,0,0,0,2,0,2,9,2,7,5,1,0,0,0,0,0,0,1.36,66,43,119,0,0.76,225,255,-1,14
Fahad Sarour Al Mubarak,34,Professional League,2013/2014,Midfielder,Al Shoalah,450,220,230,Saudi Arabia,14,3,2,0,0,0,0,0,0,0,0,4,1,3,8,3,5,1,0,0,0,0,0,0,0,1.6,56,32,450,0,0.2,218,254,-1,16
Ahmad Saad,33,Professional League,2013/2014,Midfielder,Al Shoalah,1603,873,730,Saudi Arabia,22,11,9,1,0,1,0,0,0,0,0,5,2,3,23,12,11,1,0,0.06,0,0.06,0,0.12,1603,1.29,70,73,1603,0,0.06,125,253,-1,8
Ahmed Al Khair,36,Professional League,2013/2014,Midfielder,Al Shoalah,303,121,182,Saudi Arabia,5,1,3,0,0,0,0,0,0,0,0,0,0,0,10,3,7,0,0,0,0,0,0,0,0,2.97,30,61,0,0,0,216,267,-1,15
Rashed Al Dowesan,27,Professional League,2013/2014,Defender,Al Shoalah,1815,1080,735,Saudi Arabia,21,12,8,0,0,0,0,0,0,0,0,4,2,2,28,15,13,5,0,0,0,0,0,0,0,1.39,65,86,363,0,0.25,220,260,76,10
Saeed Al Harbi,37,Professional League,2013/2014,Goalkeeper,Al Shoalah,1440,810,630,Saudi Arabia,16,9,7,0,0,0,0,0,0,0,0,5,2,3,20,10,10,1,0,0,0,0,0,0,0,1.25,72,90,1440,0,0.06,239,268,59,13
Faiz Hussain Al Sobea,36,Professional League,2013/2014,Goalkeeper,Al Hilal,1080,540,540,Saudi Arabia,12,6,6,0,0,0,0,0,0,0,0,4,4,0,12,2,10,0,0,0,0,0,0,0,0,1,90,90,0,0,0,246,278,28,17
Sung-Hwan Cho,36,Professional League,2013/2014,Defender,Al Hilal,1112,540,572,South Korea,13,6,7,1,1,0,0,0,0,0,0,3,2,1,13,6,7,3,0,0.08,0,0.08,0.17,0,1112,1.05,86,86,371,0,0.24,120,284,36,10
Majed Ahmed Al Marshadi,34,Professional League,2013/2014,Defender,Al Hilal,1104,630,474,Saudi Arabia,13,7,5,1,1,0,0,0,0,0,0,3,3,0,17,10,7,1,0,0.08,0,0.08,0.14,0,1104,1.39,65,85,1104,0,0.08,115,283,74,13
Abdullah Mohammed Al Zoari Al Dossary,31,Professional League,2013/2014,Defender,Al Hilal,1400,723,677,Saudi Arabia,17,9,8,1,0,1,0,0,0,0,0,6,5,1,15,6,9,1,0,0.06,0,0.06,0,0.13,1400,0.96,93,82,1400,0,0.06,132,282,25,12
Yasir Gharsan Al Shahrani,26,Professional League,2013/2014,Defender,Al Hilal,2166,996,1170,Saudi Arabia,25,11,13,0,0,0,0,0,0,0,0,9,6,3,21,8,13,1,0,0,0,0,0,0,0,0.87,103,87,2166,0,0.04,236,281,18,24
Segundo Alejandro Castillo Nazareno,36,Professional League,2013/2014,Midfielder,Al Hilal,1991,966,1025,Ecuador,24,11,11,2,1,1,0,0,0,0,0,9,6,3,20,8,12,1,0,0.09,0,0.09,0.09,0.09,996,0.9,100,83,1991,0,0.05,106,280,-1,5
Mohammad Bander Al Shalhoub,37,Professional League,2013/2014,Midfielder,Al Hilal,739,323,416,Saudi Arabia,16,3,5,2,0,2,0,0,0,1,0,8,6,2,9,2,7,0,0,0.24,0,0.24,0,0.43,370,1.1,82,46,0,0,0,55,279,-1,6
Adil Hermach,32,Professional League,2013/2014,Midfielder,Al Hilal,1004,450,554,Morocco,12,5,6,2,1,1,0,0,0,0,0,1,1,0,13,6,7,3,0,0.18,0,0.18,0.2,0.16,502,1.17,77,84,335,0,0.27,77,277,-1,7
Nawaf Shaker Al Abid,28,Professional League,2013/2014,Midfielder,Al Hilal,1115,571,544,Saudi Arabia,20,6,6,1,1,0,0,0,0,0,0,7,4,3,6,4,2,0,0,0.08,0,0.08,0.16,0,1115,0.48,186,56,0,0,0,113,270,-1,11
Salem Mohammed Al Dawsari,27,Professional League,2013/2014,Midfielder,Al Hilal,1632,791,841,Saudi Arabia,21,9,10,4,1,3,0,0,0,0,0,8,6,2,13,3,10,6,0,0.22,0,0.22,0.11,0.32,408,0.72,126,78,272,0,0.33,64,276,-1,4
Nasser Ali Al Shamrani,34,Professional League,2013/2014,Forward,Al Hilal,2274,1147,1127,Saudi Arabia,26,13,13,21,14,7,0,0,0,2,0,10,7,3,19,7,12,2,0,0.83,0,0.83,1.1,0.56,108,0.75,120,87,1137,0,0.08,5,275,-1,1
Thiago Neves Augusto,33,Professional League,2013/2014,Midfielder,Al Hilal,1749,979,770,Brazil,22,11,8,13,8,5,0,0,0,0,0,8,6,2,16,8,8,4,0,0.67,0,0.67,0.74,0.58,135,0.82,109,80,437,0,0.21,7,274,-1,2
Salman Mohammed Al Faraj,29,Professional League,2013/2014,Midfielder,Al Hilal,1258,468,790,Saudi Arabia,22,4,9,0,0,0,0,0,0,0,0,8,6,2,12,2,10,2,1,0,0,0,0,0,0,0.86,105,57,629,0,0.14,233,273,-1,18
Yousef Mansour Al Salem,33,Professional League,2013/2014,Forward,Al Hilal,376,154,222,Saudi Arabia,12,2,2,0,0,0,0,0,0,0,0,6,3,3,2,2,0,0,0,0,0,0,0,0,0,0.48,188,31,0,0,0,157,272,-1,23
Abdullatif Al Ghannam,33,Professional League,2013/2014,Midfielder,Al Hilal,381,180,201,Saudi Arabia,6,2,2,0,0,0,0,0,0,0,0,4,2,2,1,0,1,1,0,0,0,0,0,0,0,0.24,381,64,381,0,0.24,257,271,-1,22
Mohammed Al Qarni,28,Professional League,2013/2014,Midfielder,Al Hilal,101,4,97,Saudi Arabia,4,0,1,0,0,0,0,0,0,0,0,1,0,1,1,0,1,1,0,0,0,0,0,0,0,0.89,101,25,101,0,0.89,-1,-1,-1,21
Sultan Abdullah Al Deayea,25,Professional League,2013/2014,Defender,Al Hilal,1166,536,630,Saudi Arabia,13,6,7,1,0,1,0,0,0,0,0,5,4,1,11,2,9,2,0,0.08,0,0.08,0,0.14,1166,0.85,106,90,583,0,0.15,119,269,16,9
Rafi Mohammed Al Ruwaili,28,Professional League,2013/2014,Goalkeeper,Al Orubah,1530,720,810,Saudi Arabia,17,8,9,0,0,0,0,0,0,0,0,6,2,4,19,10,9,4,1,0,0,0,0,0,0,1.12,81,90,306,0,0.29,232,250,45,10
Fawaz Fallatah,29,Professional League,2013/2014,Defender,Al Orubah,1869,879,990,Saudi Arabia,21,10,11,2,0,2,0,0,0,0,0,6,3,3,26,14,12,4,1,0.1,0,0.1,0,0.18,935,1.25,72,89,467,0,0.19,101,233,60,6
Ali Nasser Al Khaibari,28,Professional League,2013/2014,Defender,Al Orubah,2340,1170,1170,Saudi Arabia,26,13,13,0,0,0,0,0,0,0,0,8,4,4,29,16,13,1,0,0,0,0,0,0,0,1.12,81,90,2340,0,0.04,234,249,46,19
Khalid Abdullah Al Dawsari,32,Professional League,2013/2014,Defender,Al Orubah,2309,1139,1170,Saudi Arabia,26,13,13,0,0,0,0,0,0,0,0,8,4,4,28,15,13,2,0,0,0,0,0,0,0,1.09,82,89,1155,0,0.08,235,230,43,18
Ibrahim Salah Abdel-Fattah,31,Professional League,2013/2014,Midfielder,Al Orubah,2080,1012,1068,Egypt,25,11,13,1,1,0,0,0,0,0,0,8,4,4,22,10,12,2,0,0.04,0,0.04,0.09,0,2080,0.95,95,83,1040,0,0.09,148,229,-1,8
Abdallah Khaled Deeb Salim,31,Professional League,2013/2014,Midfielder,Al Orubah,2036,1071,965,Jordan,25,12,11,4,2,2,0,0,0,0,0,8,4,4,26,15,11,2,0,0.18,0,0.18,0.17,0.19,509,1.15,78,81,1018,0,0.09,76,228,-1,2
Eliassou Issiaka,33,Professional League,2013/2014,Midfielder,Al Orubah,938,360,578,Mali,11,4,7,1,0,1,0,0,0,1,0,5,2,3,8,2,6,0,0,0.1,0,0.1,0,0.16,938,0.77,117,85,0,0,0,100,227,-1,9
Abdulaziz Falath,32,Professional League,2013/2014,Midfielder,Al Orubah,1914,1062,852,Saudi Arabia,23,12,10,3,1,2,0,0,0,1,0,7,4,3,23,14,9,5,0,0.14,0,0.14,0.08,0.21,638,1.08,83,83,383,0,0.24,89,226,-1,3
Musharraf Raffan Al Ruwaili,33,Professional League,2013/2014,Midfielder,Al Orubah,892,425,467,Saudi Arabia,14,5,5,0,0,0,0,0,0,0,0,4,2,2,10,4,6,2,0,0,0,0,0,0,0,1.01,89,64,446,0,0.2,237,225,-1,17
Mousa Salman Al Shamri,32,Professional League,2013/2014,Forward,Al Orubah,504,203,301,Saudi Arabia,12,3,3,0,0,0,0,0,0,0,0,4,3,1,8,3,5,0,0,0,0,0,0,0,0,1.43,63,42,0,0,0,231,223,-1,16
Naif Al Balawi,32,Professional League,2013/2014,Forward,Al Orubah,161,81,80,Saudi Arabia,3,1,1,0,0,0,0,0,0,0,0,1,1,0,1,0,1,1,0,0,0,0,0,0,0,0.56,161,54,161,0,0.56,-1,-1,-1,14
Hamzah Mahmoud Al Shanqiti,29,Professional League,2013/2014,Forward,Al Orubah,325,114,211,Saudi Arabia,10,1,2,0,0,0,0,0,0,0,0,3,0,3,5,1,4,1,0,0,0,0,0,0,0,1.38,65,33,325,0,0.28,238,216,-1,15
Mashari Jedaia Al Anazi,29,Professional League,2013/2014,Forward,Al Orubah,1062,705,357,Saudi Arabia,25,7,3,4,4,0,0,0,0,0,0,7,4,3,15,13,2,0,0,0.34,0,0.34,0.51,0,266,1.27,71,42,0,0,0,33,222,-1,1
Aedh Ali Al Jawni,30,Professional League,2013/2014,Midfielder,Al Orubah,1635,753,882,Saudi Arabia,21,9,10,2,2,0,0,0,0,0,0,6,2,4,20,11,9,4,1,0.11,0,0.11,0.24,0,818,1.1,82,78,409,0,0.22,97,221,-1,5
Abdo Al Basisi,40,Professional League,2013/2014,Goalkeeper,Al Orubah,797,437,360,Saudi Arabia,9,5,4,0,0,0,0,0,0,0,0,2,2,0,10,6,4,1,0,0,0,0,0,0,0,1.13,80,89,797,0,0.11,240,220,48,13
Ahmed Ali Al Kassar,27,Professional League,2013/2014,Goalkeeper,Al Raed,2340,1170,1170,Saudi Arabia,26,13,13,0,0,0,0,0,0,0,0,8,5,3,32,13,19,1,0,0,0,0,0,0,0,1.23,73,90,2340,0,0.04,241,219,57,9
Alexis Enam Mendomo,31,Professional League,2013/2014,Defender,Al Raed,2219,1159,1060,Cameroon,25,13,12,0,0,0,0,0,0,0,0,7,5,2,31,13,18,2,0,0,0,0,0,0,0,1.26,72,89,1110,0,0.08,242,218,62,18
Lawrence Sokota Doe,32,Professional League,2013/2014,Defender,Al Raed,90,90,0,Equatorial Guinea,1,1,0,1,1,0,0,0,0,0,0,0,0,0,1,1,0,0,0,1,0,1,1,0,90,1,90,90,0,0,0,-1,-1,-1,6
Abdulsalam Al Shereaf,29,Professional League,2013/2014,Defender,Al Raed,680,257,423,Saudi Arabia,11,3,5,0,0,0,0,0,0,0,0,2,2,0,13,5,8,1,0,0,0,0,0,0,0,1.72,52,62,680,0,0.13,243,217,99,22
Hamad Al Sagour,39,Professional League,2013/2014,Defender,Al Raed,966,426,540,Saudi Arabia,11,5,6,0,0,0,0,0,0,0,0,2,2,0,15,3,12,1,0,0,0,0,0,0,0,1.4,64,88,966,0,0.09,244,231,78,21
Ibrahim Ahmad Madkhali,33,Professional League,2013/2014,Defender,Al Raed,2070,1080,990,Saudi Arabia,23,12,11,0,0,0,0,0,0,0,0,8,5,3,26,12,14,7,0,0,0,0,0,0,0,1.13,80,90,296,0,0.3,245,224,47,20
Hussain Ali Farah Al Hadhri,28,Professional League,2013/2014,Midfielder,Al Raed,1058,568,490,Oman,18,6,5,3,2,1,0,0,0,0,0,5,3,2,15,6,9,0,0,0.26,0,0.26,0.32,0.18,353,1.28,71,59,0,0,0,50,232,-1,3
Bruno Oliveira Moreno,32,Professional League,2013/2014,Midfielder,Al Raed,1900,825,1075,Brazil,22,10,12,4,0,4,0,0,0,0,0,5,3,2,30,11,19,3,0,0.19,0,0.19,0,0.33,475,1.42,63,86,633,0,0.14,75,242,-1,2
Meshal Al Enazi,31,Professional League,2013/2014,Midfielder,Al Raed,1369,600,769,Saudi Arabia,24,7,9,6,2,4,0,0,0,0,0,7,4,3,17,7,10,2,0,0.39,0,0.39,0.3,0.47,228,1.12,81,57,685,0,0.13,25,248,-1,1
Faisal Darwish Faraj,27,Professional League,2013/2014,Midfielder,Al Raed,2035,990,1045,Saudi Arabia,24,11,12,1,1,0,0,0,0,0,0,8,5,3,27,9,18,3,0,0.04,0,0.04,0.09,0,2035,1.19,75,85,678,0,0.13,149,247,-1,8
Abdulaziz Al Jebreen,28,Professional League,2013/2014,Midfielder,Al Raed,2110,1157,953,Saudi Arabia,24,13,11,0,0,0,0,0,0,0,0,6,5,1,31,13,18,7,1,0,0,0,0,0,0,1.32,68,88,301,0,0.3,229,246,-1,19
Ahmad Boabeed,33,Professional League,2013/2014,Midfielder,Al Raed,134,118,16,Saudi Arabia,7,1,0,0,0,0,0,0,0,0,0,2,1,1,3,3,0,0,0,0,0,0,0,0,0,2.01,45,19,0,0,0,-1,-1,-1,15
Maher Hawsawi,26,Professional League,2013/2014,Forward,Al Raed,637,354,283,Saudi Arabia,17,3,2,2,1,1,0,0,0,0,0,6,3,3,5,2,3,1,0,0.28,0,0.28,0.25,0.32,319,0.71,127,37,637,0,0.14,44,245,-1,5
Majed Versani,34,Professional League,2013/2014,Defender,Al Raed,162,162,0,Saudi Arabia,3,2,0,0,0,0,0,0,0,0,0,1,1,0,1,1,0,0,0,0,0,0,0,0,0,0.56,162,54,0,0,0,-1,-1,-1,17
Saeed Al Issa,30,Professional League,2013/2014,Defender,Al Raed,1173,524,649,Saudi Arabia,15,7,8,0,0,0,0,0,0,0,0,5,3,2,13,5,8,2,1,0,0,0,0,0,0,1,90,78,391,0,0.23,228,244,31,16
Fuad Al Mutairi,32,Professional League,2013/2014,Midfielder,Al Raed,584,269,315,Saudi Arabia,13,3,3,0,0,0,0,0,0,0,0,5,3,2,4,3,1,0,0,0,0,0,0,0,0,0.62,146,45,0,0,0,213,243,-1,10
Mohammed Sharifi,39,Professional League,2013/2014,Goalkeeper,Al Ittifaq,1417,720,697,Saudi Arabia,16,8,8,0,0,0,0,0,0,0,0,5,4,1,19,5,14,1,0,0,0,0,0,0,0,1.21,75,89,1417,0,0.06,214,241,54,18
Ibrahim Ahmed Hazzazi,33,Professional League,2013/2014,Defender,Al Ittifaq,1162,630,532,Saudi Arabia,13,7,6,1,0,1,0,0,0,0,0,5,4,1,14,4,10,2,0,0.08,0,0.08,0,0.17,1162,1.08,83,89,581,0,0.15,116,234,39,12
Majed Rafa Al Amri,33,Professional League,2013/2014,Defender,Al Ittifaq,466,180,286,Saudi Arabia,6,2,3,0,0,0,0,0,0,0,0,0,0,0,12,6,6,2,0,0,0,0,0,0,0,2.32,39,78,233,0,0.39,215,240,114,25
Danny Bittencourt Morais,33,Professional League,2013/2014,Defender,Al Ittifaq,1958,968,990,Brazil,23,11,11,1,1,0,0,0,0,0,0,7,5,2,31,12,19,2,0,0.05,0,0.05,0.09,0,1958,1.42,63,85,979,0,0.09,139,239,81,9
Hasan Kadesh,26,Professional League,2013/2014,Defender,Al Ittifaq,2001,1065,936,Saudi Arabia,24,12,11,1,0,1,0,0,0,0,0,6,4,2,34,16,18,3,0,0.04,0,0.04,0,0.1,2001,1.53,59,83,667,0,0.13,147,238,88,8
Nicolae Adrian Grigore,35,Professional League,2013/2014,Midfielder,Al Ittifaq,1560,732,828,Romania,21,8,10,5,5,0,0,0,0,0,0,6,4,2,31,14,17,6,0,0.29,0,0.29,0.61,0,312,1.79,50,74,260,0,0.35,42,237,-1,2
Sultan Abdullah Al Bargan,35,Professional League,2013/2014,Midfielder,Al Ittifaq,1853,1011,842,Saudi Arabia,23,12,10,0,0,0,0,0,0,0,0,6,4,2,28,15,13,5,0,0,0,0,0,0,0,1.36,66,81,371,0,0.24,217,236,-1,24
Ali Ibrahim Ataif,30,Professional League,2013/2014,Midfielder,Al Ittifaq,180,90,90,Saudi Arabia,2,1,1,0,0,0,0,0,0,0,0,0,0,0,5,3,2,0,0,0,0,0,0,0,0,2.5,36,90,0,0,0,-1,-1,-1,23
Yasen Al Bakhet,30,Professional League,2013/2014,Midfielder,Al Ittifaq,1555,736,819,Jordan,21,8,10,2,1,1,0,0,0,0,0,5,4,1,24,6,18,2,0,0.12,0,0.12,0.12,0.11,778,1.39,65,74,778,0,0.12,96,235,-1,5
Papa Waigo N'Diaye,34,Professional League,2013/2014,Forward,Al Ittifaq,2125,1030,1095,Senegal,26,11,12,9,3,6,0,0,0,0,0,7,5,2,33,12,21,2,0,0.38,0,0.38,0.26,0.49,236,1.4,64,82,1063,0,0.08,26,215,-1,1
Ali Al Zaqan,27,Professional League,2013/2014,Forward,Al Ittifaq,1816,982,834,Saudi Arabia,24,12,9,2,1,1,0,0,0,0,0,7,5,2,27,13,14,3,0,0.1,0,0.1,0.09,0.11,908,1.34,67,76,605,0,0.15,103,143,-1,7
Tawfiq Buhumaid,31,Professional League,2013/2014,Midfielder,Al Ittifaq,125,78,47,Saudi Arabia,3,1,0,1,1,0,0,0,0,0,0,0,0,0,4,4,0,0,0,0.72,0,0.72,1.15,0,125,2.88,31,42,0,0,0,-1,-1,-1,10
Mohammed Al Rashed,38,Professional League,2013/2014,Forward,Al Ittifaq,175,119,56,Saudi Arabia,8,1,0,1,1,0,0,0,0,0,0,3,3,0,1,1,0,0,0,0.51,0,0.51,0.76,0,175,0.51,175,22,0,0,0,-1,-1,-1,11
Khalid Hamdi,27,Professional League,2013/2014,Midfielder,Al Ittifaq,360,180,180,Saudi Arabia,6,2,2,0,0,0,0,0,0,0,0,2,1,1,5,3,2,2,0,0,0,0,0,0,0,1.25,72,60,180,0,0.5,219,72,-1,19
Abdullah Al Saleh,30,Professional League,2013/2014,Goalkeeper,Al Ittifaq,923,450,473,Saudi Arabia,11,5,5,0,0,0,0,0,0,0,0,2,1,1,18,11,7,1,0,0,0,0,0,0,0,1.76,51,84,923,0,0.1,221,142,101,22
Ahmad Walpi Aqqash,28,Professional League,2013/2014,Defender,Al Ittifaq,823,390,433,Saudi Arabia,15,4,4,0,0,0,0,0,0,0,0,4,3,1,15,6,9,2,0,0,0,0,0,0,0,1.64,55,55,412,0,0.22,222,51,98,21
Mubarak Wajdi Al Dossary,27,Professional League,2013/2014,Defender,Al Ittifaq,1101,540,561,Saudi Arabia,13,6,6,0,0,0,0,0,0,0,0,3,2,1,14,7,7,2,0,0,0,0,0,0,0,1.14,79,85,551,0,0.16,223,50,51,20
Mansour Yahya Al Najei,40,Professional League,2013/2014,Goalkeeper,Al Faisaly,2250,1080,1170,Saudi Arabia,25,12,13,0,0,0,0,0,0,0,0,6,5,1,32,14,18,4,0,0,0,0,0,0,0,1.28,70,90,563,0,0.16,224,49,64,16
Mohammed Abdullah Salem,33,Professional League,2013/2014,Defender,Al Faisaly,2243,1170,1073,Saudi Arabia,25,13,12,4,2,2,0,0,0,0,0,6,5,1,31,15,16,4,0,0.16,0,0.16,0.15,0.17,561,1.24,72,90,561,0,0.16,82,48,58,3
Mohammed Yahya Jahfali,28,Professional League,2013/2014,Defender,Al Faisaly,1967,916,1051,Saudi Arabia,23,10,12,1,0,1,0,0,0,0,0,4,4,0,29,13,16,7,1,0.05,0,0.05,0,0.09,1967,1.33,68,86,281,0,0.32,141,47,68,7
Wesam Al Swed,30,Professional League,2013/2014,Defender,Al Faisaly,2160,1080,1080,Saudi Arabia,24,12,12,0,0,0,0,0,0,0,0,5,4,1,32,15,17,5,0,0,0,0,0,0,0,1.33,68,90,432,0,0.21,226,46,66,23
Gilman Lika,31,Professional League,2013/2014,Midfielder,Al Faisaly,627,326,301,Albania,12,4,3,1,0,1,0,0,0,0,0,3,2,1,9,6,3,0,0,0.14,0,0.14,0,0.3,627,1.29,70,52,0,0,0,93,44,-1,8
Leandro Aparecido Padilha de Oliveira,30,Professional League,2013/2014,Midfielder,Al Faisaly,221,91,130,Brazil,5,1,2,0,0,0,0,0,0,0,0,0,0,0,5,3,2,0,0,0,0,0,0,0,0,2.04,44,44,0,0,0,-1,-1,-1,22
Omar Abdulaziz,34,Professional League,2013/2014,Midfielder,Al Faisaly,2250,1170,1080,Saudi Arabia,25,13,12,1,1,0,0,0,0,0,0,6,5,1,33,15,18,5,0,0.04,0,0.04,0.08,0,2250,1.32,68,90,450,0,0.2,144,37,-1,9
Khalil Zaid Khalil Baniateyah,27,Professional League,2013/2014,Midfielder,Al Faisaly,2009,929,1080,Jordan,24,10,12,3,2,1,0,0,0,0,0,6,5,1,26,12,14,3,0,0.13,0,0.13,0.19,0.08,670,1.16,77,84,670,0,0.13,95,43,-1,4
Awad Al Anazi,30,Professional League,2013/2014,Midfielder,Al Faisaly,1419,805,614,Saudi Arabia,16,9,7,0,0,0,0,0,0,0,0,4,4,0,17,11,6,5,0,0,0,0,0,0,0,1.08,83,89,284,0,0.32,247,42,-1,21
Abdulah Saud Al Mutairi,32,Professional League,2013/2014,Midfielder,Al Faisaly,1207,673,534,Saudi Arabia,19,8,6,2,1,1,0,0,0,0,0,5,3,2,15,11,4,1,0,0.15,0,0.15,0.13,0.17,604,1.12,80,64,1207,0,0.07,86,41,-1,5
Migen Memelli,38,Professional League,2013/2014,Forward,Al Faisaly,835,405,430,Albania,13,4,5,1,1,0,0,0,0,0,0,4,3,1,10,6,4,2,0,0.11,0,0.11,0.22,0,835,1.08,84,64,418,0,0.22,98,40,-1,11
Abdulaziz Nasser bin Saran,34,Professional League,2013/2014,Forward,Al Faisaly,604,326,278,Saudi Arabia,17,4,3,0,0,0,0,0,0,0,0,5,4,1,10,7,3,0,0,0,0,0,0,0,0,1.49,60,36,0,0,0,268,39,-1,20
Saad Al Yami,32,Professional League,2013/2014,Midfielder,Al Taawon,396,253,143,Saudi Arabia,12,4,1,0,0,0,0,0,0,0,0,3,0,3,5,4,1,1,0,0,0,0,0,0,0,1.14,79,33,396,0,0.23,270,38,-1,15
Rayan Belal,30,Professional League,2013/2014,Forward,Al Faisaly,1301,675,626,Saudi Arabia,18,8,7,6,3,3,0,0,0,0,0,3,2,1,19,9,10,3,0,0.42,0,0.42,0.4,0.43,217,1.31,68,72,434,0,0.21,22,52,-1,1
Abdoh Bernaoy,34,Professional League,2013/2014,Defender,Al Faisaly,310,90,220,Saudi Arabia,6,1,2,0,0,0,0,0,0,0,0,2,1,1,3,0,3,0,0,0,0,0,0,0,0,0.87,103,52,0,0,0,272,45,17,19
Abdullah Dawsh,30,Professional League,2013/2014,Defender,Al Faisaly,1109,659,450,Saudi Arabia,13,7,5,0,0,0,0,0,0,0,0,3,3,0,14,5,9,4,0,0,0,0,0,0,0,1.14,79,85,277,0,0.32,273,53,49,18
Khaled Razi,36,Professional League,2013/2014,Goalkeeper,Al Faisaly,90,90,0,Saudi Arabia,1,1,0,0,0,0,0,0,0,0,0,0,0,0,1,1,0,0,0,0,0,0,0,0,0,1,90,90,0,0,0,-1,-1,-1,17
Ali Muaddi Al Zubaidi,31,Professional League,2013/2014,Midfielder,Al Faisaly,296,47,249,Saudi Arabia,11,1,3,0,0,0,0,0,0,0,0,4,3,1,4,1,3,0,0,0,0,0,0,0,0,1.22,74,27,0,0,0,274,63,-1,12
Abdullah Ibrahim Al Maiouf,31,Professional League,2013/2014,Goalkeeper,Al Ahli,2067,987,1080,Saudi Arabia,23,11,12,0,0,0,0,0,0,0,0,7,2,5,19,11,8,1,1,0,0,0,0,0,0,0.83,109,90,1034,0,0.09,275,69,14,26
Osama Abdulrezag Hawsawi,34,Professional League,2013/2014,Defender,Al Ahli,2132,962,1170,Saudi Arabia,24,11,13,1,0,1,0,0,0,0,0,8,3,5,20,10,10,2,0,0.04,0,0.04,0,0.08,2132,0.84,107,89,1066,0,0.08,151,68,15,15
Kamil Saddiq Al Mousa,36,Professional League,2013/2014,Defender,Al Ahli,630,360,270,Saudi Arabia,7,4,3,0,0,0,0,0,0,0,0,3,2,1,4,2,2,1,0,0,0,0,0,0,0,0.57,158,90,630,0,0.14,269,67,5,25
Mansour Althaqfi Al Harbi,31,Professional League,2013/2014,Defender,Al Ahli,2183,1080,1103,Saudi Arabia,25,12,13,2,0,2,0,0,0,0,0,8,3,5,20,11,9,3,1,0.08,0,0.08,0,0.16,1092,0.82,109,87,546,0,0.16,118,66,12,8
Aqeel Baalghyth Al Sahbi,31,Professional League,2013/2014,Defender,Al Ahli,1007,405,602,Saudi Arabia,18,5,7,1,1,0,0,0,0,0,0,7,3,4,10,4,6,3,0,0.09,0,0.09,0.22,0,1007,0.89,101,56,336,0,0.27,107,65,20,17
José Márcio da Costa,35,Professional League,2013/2014,Midfielder,Al Ahli,2008,1030,978,Brazil,24,12,12,6,3,3,0,0,0,0,0,8,3,5,16,11,5,5,0,0.27,0,0.27,0.26,0.28,335,0.72,126,84,402,0,0.22,48,64,-1,3
Taisir Jabir Al Jassim,34,Professional League,2013/2014,Midfielder,Al Ahli,2081,1050,1031,Saudi Arabia,24,12,12,7,4,3,0,0,0,2,0,8,3,5,19,11,8,2,0,0.3,0,0.3,0.34,0.26,297,0.82,110,87,1041,0,0.09,40,62,-1,1
Bruno César Zanaki,30,Professional League,2013/2014,Midfielder,Al Ahli,612,372,240,Brazil,8,4,3,4,1,3,0,0,0,0,0,2,1,1,5,3,2,3,0,0.59,0,0.59,0.24,1.13,153,0.74,122,77,204,0,0.44,10,55,-1,4
Waleed Rashid Bakshween,28,Professional League,2013/2014,Midfielder,Al Ahli,1708,808,900,Saudi Arabia,20,9,11,1,1,0,0,0,0,0,0,6,2,4,17,7,10,8,0,0.05,0,0.05,0.11,0,1708,0.9,100,85,214,0,0.42,138,61,-1,16
Mustafa Mahdi Al Bassas,25,Professional League,2013/2014,Midfielder,Al Ahli,1611,887,724,Saudi Arabia,22,10,8,4,4,0,0,0,0,0,0,6,3,3,13,9,4,2,1,0.22,0,0.22,0.41,0,403,0.73,124,73,537,0,0.17,62,60,-1,5
Hyun-Jun Suk,27,Professional League,2013/2014,Forward,Al Ahli,883,393,490,South Korea,14,4,5,2,0,2,0,0,0,0,0,5,2,3,8,3,5,1,0,0.2,0,0.2,0,0.37,442,0.82,110,63,883,0,0.1,72,59,-1,10
Motaz Sidiq Al Musa,31,Professional League,2013/2014,Midfielder,Al Ahli,634,328,306,Saudi Arabia,13,4,3,1,1,0,0,0,0,0,0,4,1,3,7,4,3,0,0,0.14,0,0.14,0.27,0,634,0.99,91,49,0,0,0,92,58,-1,14
Saeed Fawaz Al Mowalad,27,Professional League,2013/2014,Defender,Al Ahli,491,348,143,Saudi Arabia,11,4,1,0,0,0,0,0,0,0,0,4,2,2,5,3,2,0,0,0,0,0,0,0,0,0.92,98,45,0,0,0,283,57,22,21
Mohammed Abdulhakim Al Fatil,26,Professional League,2013/2014,Defender,Al Ahli,447,188,259,Saudi Arabia,7,2,3,1,0,1,0,0,0,0,0,1,0,1,7,2,5,0,0,0.2,0,0.2,0,0.35,447,1.41,64,64,0,0,0,71,56,80,13
Ali Faraj Al Zubaidi,25,Professional League,2013/2014,Defender,Al Ahli,1793,803,990,Saudi Arabia,22,10,11,0,0,0,0,0,0,0,0,6,1,5,18,10,8,2,1,0,0,0,0,0,0,0.9,100,82,598,0,0.15,277,54,21,18
Basem Saleh Al Baqi,28,Professional League,2013/2014,Goalkeeper,Al Ahli,180,90,90,Saudi Arabia,2,1,1,0,0,0,0,0,0,0,0,1,1,0,2,0,2,0,0,0,0,0,0,0,0,1,90,90,0,0,0,-1,-1,-1,19
Mohsen Al Eisa,32,Professional League,2013/2014,Midfielder,Al Ahli,136,17,119,Saudi Arabia,5,0,1,0,0,0,0,0,0,0,0,2,0,2,2,0,2,0,0,0,0,0,0,0,0,1.32,68,27,0,0,0,-1,-1,-1,20
Sultan Al Sawadi,25,Professional League,2013/2014,Midfielder,Al Ahli,863,391,472,Saudi Arabia,21,3,5,3,1,2,0,0,0,0,0,6,3,3,11,4,7,5,1,0.31,0,0.31,0.23,0.38,288,1.15,78,41,173,0,0.52,38,35,-1,6
Waleed Abdullah Ali,32,Professional League,2013/2014,Goalkeeper,Al Shabab,2160,990,1170,Saudi Arabia,24,11,13,0,0,0,0,0,0,0,0,9,5,4,30,12,18,2,0,0,0,0,0,0,0,1.25,72,90,1080,0,0.08,258,18,61,18
Waleed Abd Raboh Al Jahdali,36,Professional League,2013/2014,Defender,Al Shabab,540,270,270,Saudi Arabia,6,3,3,0,0,0,0,0,0,0,0,1,0,1,13,7,6,1,0,0,0,0,0,0,0,2.17,42,90,540,0,0.17,266,34,110,24
Tae-Hwi Kwak,37,Professional League,2013/2014,Defender,Al Shabab,1011,527,484,South Korea,12,6,6,2,2,0,0,0,0,0,0,5,2,3,10,7,3,4,1,0.18,0,0.18,0.34,0,506,0.89,101,84,253,0,0.36,78,3,19,10
Abdullah Ahmed Al Asta,32,Professional League,2013/2014,Defender,Al Shabab,2155,990,1165,Saudi Arabia,24,11,13,1,1,0,0,0,0,0,0,9,5,4,29,12,17,4,0,0.04,0,0.04,0.09,0,2155,1.21,74,90,539,0,0.17,146,4,55,13
Hassan Muath Fallatah,32,Professional League,2013/2014,Defender,Al Shabab,1579,918,661,Saudi Arabia,19,10,7,2,2,0,0,0,0,0,0,7,4,3,27,14,13,4,0,0.11,0,0.11,0.2,0,790,1.54,58,83,395,0,0.23,99,5,89,9
Fernando Menegazzo,37,Professional League,2013/2014,Midfielder,Al Shabab,1694,802,892,Brazil,20,9,11,4,1,3,0,0,0,1,0,7,4,3,26,11,15,7,2,0.21,0,0.21,0.11,0.3,424,1.38,65,85,212,0,0.43,68,6,-1,5
Rafael da Silva Francisco,35,Professional League,2013/2014,Midfielder,Al Shabab,1972,1044,928,Brazil,23,12,10,6,3,3,0,0,0,0,0,9,5,4,27,14,13,6,0,0.27,0,0.27,0.26,0.29,329,1.23,73,86,329,0,0.27,47,7,-1,2
Macnelly Torres Berrío,34,Professional League,2013/2014,Midfielder,Al Shabab,1534,624,910,Colombia,22,6,10,1,1,0,0,0,0,0,0,7,4,3,24,8,16,2,0,0.06,0,0.06,0.14,0,1534,1.41,64,70,767,0,0.12,127,8,-1,12
Abdulmalek Abdullah Al Khaibri,32,Professional League,2013/2014,Midfielder,Al Shabab,1776,671,1105,Saudi Arabia,22,8,13,1,1,0,0,0,0,0,0,8,4,4,27,9,18,5,0,0.05,0,0.05,0.13,0,1776,1.37,66,81,355,0,0.25,136,9,-1,11
Ahmed Ibrahim Ateef,35,Professional League,2013/2014,Midfielder,Al Shabab,1271,657,614,Saudi Arabia,16,8,7,0,0,0,0,0,0,0,0,7,3,4,11,7,4,3,0,0,0,0,0,0,0,0.78,116,79,424,0,0.21,253,10,-1,25
Naif Ahmed Taib Hazazi,30,Professional League,2013/2014,Forward,Al Shabab,817,409,408,Saudi Arabia,10,5,5,7,4,3,0,0,0,0,0,4,1,3,14,8,6,3,0,0.77,0,0.77,0.88,0.66,117,1.54,58,82,272,0,0.33,6,11,-1,1
Saeed Mohammed Al Dosari,28,Professional League,2013/2014,Midfielder,Al Shabab,705,319,386,Saudi Arabia,13,2,4,3,2,1,0,0,0,0,0,2,0,2,19,11,8,1,0,0.38,0,0.38,0.56,0.23,235,2.43,37,54,705,0,0.13,28,12,-1,7
Mohanad Aseri Abu Radiah,32,Professional League,2013/2014,Forward,Al Shabab,870,499,371,Saudi Arabia,20,5,4,5,3,2,0,0,0,1,0,7,5,2,8,5,3,2,0,0.52,0,0.52,0.54,0.49,174,0.83,109,44,435,0,0.21,17,13,-1,3
Omar Abdullah Al Ghamdi,39,Professional League,2013/2014,Midfielder,Al Shabab,881,659,222,Saudi Arabia,14,7,3,0,0,0,0,0,0,0,0,7,5,2,8,4,4,6,0,0,0,0,0,0,0,0.82,110,63,147,0,0.61,250,14,-1,19
Sayyaf Dhafar Al Bishi,38,Professional League,2013/2014,Defender,Al Shabab,1620,810,810,Saudi Arabia,18,9,9,1,1,0,0,0,0,0,0,6,3,3,22,10,12,1,0,0.06,0,0.06,0.11,0,1620,1.22,74,90,1620,0,0.06,128,15,56,14
Ibrahim Zaied,28,Professional League,2013/2014,Goalkeeper,Al Shabab,90,90,0,Saudi Arabia,1,1,0,0,0,0,0,0,0,0,0,0,0,0,3,3,0,0,0,0,0,0,0,0,0,3,30,90,0,0,0,-1,-1,-1,23
Bader Mansoor Al Sulaiteen,28,Professional League,2013/2014,Midfielder,Al Shabab,193,193,0,Saudi Arabia,3,2,0,0,0,0,0,0,0,0,0,0,0,0,4,4,0,0,0,0,0,0,0,0,0,1.87,48,64,0,0,0,-1,-1,-1,22
Saleh Saad Al Qumayzi,27,Professional League,2013/2014,Defender,Al Shabab,829,270,559,Saudi Arabia,10,3,6,0,0,0,0,0,0,0,0,3,2,1,10,2,8,2,0,0,0,0,0,0,0,1.09,83,83,415,0,0.22,210,16,41,21
Fawaz Al Qarni,26,Professional League,2013/2014,Goalkeeper,Al Ittihad,1740,900,840,Saudi Arabia,20,10,10,0,0,0,0,0,0,0,0,2,2,0,30,13,17,2,0,0,0,0,0,0,0,1.55,58,87,870,0,0.1,259,2,90,21
Basem Al Muntasheri,28,Professional League,2013/2014,Defender,Al Ittihad,1800,900,900,Saudi Arabia,20,10,10,1,0,1,0,0,0,0,0,2,2,0,28,11,17,4,0,0.05,0,0.05,0,0.1,1800,1.4,64,90,450,0,0.2,143,17,79,12
Ahmad Hassan Hassan Asiri,26,Professional League,2013/2014,Defender,Al Ittihad,1917,1170,747,Saudi Arabia,22,13,9,1,0,1,0,0,0,0,0,2,2,0,37,18,19,4,0,0.05,0,0.05,0,0.12,1917,1.74,52,87,479,0,0.19,142,27,100,14
Mohammed Al Amri,26,Professional League,2013/2014,Defender,Al Ittihad,1092,625,467,Saudi Arabia,17,7,5,2,1,1,0,0,0,0,0,1,1,0,13,8,5,0,0,0.16,0,0.16,0.14,0.19,546,1.07,84,64,0,0,0,83,33,37,6
Mansour Sharahili,27,Professional League,2013/2014,Defender,Al Ittihad,586,270,316,Saudi Arabia,7,3,4,0,0,0,0,0,0,0,0,1,1,0,12,2,10,2,0,0,0,0,0,0,0,1.84,49,84,293,0,0.31,260,32,103,31
Saud Ali Khariri,38,Professional League,2013/2014,Midfielder,Al Ittihad,1536,903,633,Saudi Arabia,20,10,8,1,0,1,0,0,0,0,0,6,5,1,28,11,17,7,0,0.06,0,0.06,0,0.14,1536,1.64,55,77,219,0,0.41,131,31,-1,7
Ahmed Mohammed Al Fraidi,30,Professional League,2013/2014,Midfielder,Al Ittihad,558,263,295,Saudi Arabia,10,3,3,1,1,0,0,0,0,0,0,1,1,0,10,3,7,1,0,0.16,0,0.16,0.34,0,558,1.61,56,56,558,0,0.16,84,30,-1,8
Mohammed Abusabaan,28,Professional League,2013/2014,Midfielder,Al Ittihad,1486,572,914,Saudi Arabia,19,7,11,0,0,0,0,0,0,0,0,1,1,0,29,10,19,8,0,0,0,0,0,0,0,1.76,51,78,186,0,0.48,262,29,-1,30
Abdulfattah Tawfiq Asiri,24,Professional League,2013/2014,Midfielder,Al Ittihad,318,76,242,Saudi Arabia,6,1,3,1,1,0,0,0,0,0,0,0,0,0,7,1,6,0,0,0.28,0,0.28,1.18,0,318,1.98,45,53,0,0,0,46,28,-1,9
Mukhtar Fallatah,31,Professional League,2013/2014,Forward,Al Ittihad,1930,930,1000,Saudi Arabia,25,11,11,20,7,13,0,0,0,7,0,2,2,0,34,14,20,4,1,0.93,0,0.93,0.68,1.17,97,1.59,57,77,483,0,0.19,3,26,-1,1
Fahad Mosaed Al Muwallad Al Harbi,24,Professional League,2013/2014,Forward,Al Ittihad,2035,911,1124,Saudi Arabia,25,10,12,5,2,3,0,0,0,0,0,1,1,0,40,14,26,5,0,0.22,0,0.22,0.2,0.24,407,1.77,51,81,407,0,0.22,61,19,-1,2
Salman Ahmed Al Sibyani,28,Professional League,2013/2014,Forward,Al Ittihad,278,88,190,Saudi Arabia,9,1,2,0,0,0,0,0,0,0,0,0,0,0,9,3,6,0,0,0,0,0,0,0,0,2.91,31,31,0,0,0,263,25,-1,29
Maan Sultan Khodary,26,Professional League,2013/2014,Midfielder,Al Ittihad,198,54,144,Saudi Arabia,7,0,2,0,0,0,0,0,0,0,0,0,0,0,6,1,5,1,0,0,0,0,0,0,0,2.73,33,28,198,0,0.45,-1,-1,-1,28
Hattan Babhir,26,Professional League,2013/2014,Midfielder,Al Ittihad,126,105,21,Saudi Arabia,5,1,0,0,0,0,0,0,0,0,0,1,1,0,1,1,0,1,0,0,0,0,0,0,0,0.71,126,25,126,0,0.71,-1,-1,-1,27
Mabrouk Zayed,39,Professional League,2013/2014,Goalkeeper,Al Ittihad,90,0,90,Saudi Arabia,1,0,1,0,0,0,0,0,0,0,0,0,0,0,5,0,5,0,0,0,0,0,0,0,0,5,18,90,0,0,0,-1,-1,-1,26
Rashed Abdulrahman Al Rahab,34,Professional League,2013/2014,Defender,Al Ittihad,985,625,360,Saudi Arabia,11,7,4,0,0,0,0,0,0,0,0,1,1,0,16,10,6,0,0,0,0,0,0,0,0,1.46,62,90,0,0,0,264,24,84,25
Osama Mabrouk Awad Al Harbi Al Muwallad,34,Professional League,2013/2014,Defender,Al Ittihad,270,90,180,Saudi Arabia,3,1,2,0,0,0,0,0,0,0,0,0,0,0,9,2,7,1,0,0,0,0,0,0,0,3,30,90,270,0,0.33,-1,-1,-1,32
Hamad Mohsen Al Montashari,36,Professional League,2013/2014,Defender,Al Ittihad,515,180,335,Saudi Arabia,6,2,4,0,0,0,0,0,0,0,0,0,0,0,14,5,9,0,0,0,0,0,0,0,0,2.45,37,86,0,0,0,265,23,117,24
Hamad Muhanna Al Hamad,31,Professional League,2013/2014,Midfielder,Al Ittifaq,1614,704,910,Saudi Arabia,23,8,11,3,0,3,0,0,0,0,0,7,5,2,20,4,16,2,0,0.17,0,0.17,0,0.3,538,1.12,81,70,807,0,0.11,80,22,-1,4
Ahmed Mubarak Obaid Al Mahajiri,33,Professional League,2013/2014,Midfielder,Al Ittifaq,423,153,270,Oman,6,2,3,2,0,2,0,0,0,0,0,2,1,1,3,0,3,1,0,0.43,0,0.43,0,0.67,212,0.64,141,71,423,0,0.21,20,21,-1,6
Yahya Al Muslem,31,Professional League,2013/2014,Defender,Al Hilal,418,180,238,Saudi Arabia,5,2,3,0,0,0,0,0,0,0,0,1,0,1,5,2,3,0,0,0,0,0,0,0,0,1.08,84,84,0,0,0,200,20,40,20
Abdullah Mohammed Al Sudairy,26,Professional League,2013/2014,Goalkeeper,Al Hilal,990,540,450,Saudi Arabia,11,6,5,0,0,0,0,0,0,0,0,4,2,2,9,6,3,2,0,0,0,0,0,0,0,0.82,110,90,495,0,0.18,209,70,13,19
Jassim Al Hamdan,32,Professional League,2013/2014,Forward,Al Nahdha,1642,728,914,Saudi Arabia,24,7,9,7,5,2,0,0,0,2,0,5,3,2,43,15,28,1,0,0.38,0,0.38,0.62,0.2,235,2.36,38,68,1642,0,0.05,27,36,-1,1
Mohammed Qasem,28,Professional League,2013/2014,Midfielder,Al Nahdha,1182,593,589,Saudi Arabia,17,6,6,1,1,0,0,0,0,0,0,4,2,2,29,13,16,3,0,0.08,0,0.08,0.15,0,1182,2.21,41,70,394,0,0.23,114,71,-1,10
Majed Mohammed Abumalihah,32,Professional League,2013/2014,Goalkeeper,Najran,360,180,180,Saudi Arabia,4,2,2,0,0,0,0,0,0,0,0,1,1,0,9,3,6,1,0,0,0,0,0,0,0,2.25,40,90,360,0,0.25,169,108,113,20
Issoumaila Dao,35,Professional League,2013/2014,Defender,Al Raed,1826,850,976,Côte d'Ivoire,21,9,11,0,0,0,0,0,0,0,0,7,4,3,22,8,14,9,2,0,0,0,0,0,0,1.08,83,87,203,0,0.44,168,123,38,14
Mosa Al Oufi,48,Professional League,2013/2014,Midfielder,Al Raed,428,209,219,Saudi Arabia,10,3,2,0,0,0,0,0,0,0,0,4,3,1,4,2,2,0,0,0,0,0,0,0,0,0.84,107,43,0,0,0,167,122,-1,13
Abdulmajeed Abdullah Al Ruwaili,32,Professional League,2013/2014,Midfielder,Al Shabab,1145,600,545,Saudi Arabia,22,8,7,4,3,1,0,0,0,0,0,8,5,3,19,11,8,1,0,0.31,0,0.31,0.45,0.17,286,1.49,60,52,1145,0,0.08,39,121,-1,4
Saleh Khalid Al Shehri,25,Professional League,2013/2014,Forward,Al Ahli,208,142,66,Saudi Arabia,9,1,0,0,0,0,0,0,0,0,0,3,2,1,2,1,1,0,0,0,0,0,0,0,0,0.87,104,23,0,0,0,-1,-1,-1,22
Abdullah Moutlaq Al Enazi,28,Professional League,2013/2014,Goalkeeper,Al Nassr,1800,900,900,Saudi Arabia,20,10,10,0,0,0,0,0,0,0,0,10,4,6,14,10,4,1,0,0,0,0,0,0,0,0.7,129,90,1800,0,0.05,165,120,8,21
Hussein Omar Abdul Ghani Sulaimani,41,Professional League,2013/2014,Defender,Al Nassr,2037,957,1080,Saudi Arabia,23,11,12,0,0,0,0,0,0,0,0,9,4,5,18,11,7,5,1,0,0,0,0,0,0,0.8,113,89,407,0,0.22,164,119,10,20
Khaled Ahmed Al Ghamdi,30,Professional League,2013/2014,Defender,Al Nassr,1530,900,630,Saudi Arabia,17,10,7,0,0,0,0,0,0,0,0,9,4,5,12,10,2,2,0,0,0,0,0,0,0,0.71,128,90,765,0,0.12,163,118,9,14
Elton Rodrigues Brandão,33,Professional League,2013/2014,Forward,Al Nassr,1432,750,682,Brazil,20,10,8,16,11,5,0,0,0,1,0,7,4,3,16,10,6,1,0,1.01,0,1.01,1.32,0.66,90,1.01,90,72,1432,0,0.06,1,116,-1,2
Charles Edoa Nga,28,Professional League,2013/2014,Forward,Al Orubah,1634,795,839,Cameroon,21,8,10,3,1,2,0,0,0,1,0,7,4,3,19,9,10,3,1,0.17,0,0.17,0.11,0.21,545,1.05,86,78,545,0,0.17,79,109,-1,4
Mohammed Qassem Al Nakhli,23,Professional League,2013/2014,Defender,Al Ittihad,1835,891,944,Saudi Arabia,21,10,10,0,0,0,0,0,0,0,0,2,2,0,33,11,22,3,0,0,0,0,0,0,0,1.62,56,87,612,0,0.15,160,115,95,23
Abdulrahman Kamel Abdullah Al Ghamdi,24,Professional League,2013/2014,Forward,Al Ittihad,797,376,421,Saudi Arabia,16,4,4,2,2,0,0,0,0,0,0,0,0,0,15,8,7,4,1,0.23,0,0.23,0.48,0,399,1.69,53,50,199,0,0.45,57,114,-1,5
Abdulmuttaleb Saleh Al-Treadi,36,Professional League,2013/2014,Defender,Al Ittihad,584,359,225,Saudi Arabia,9,4,2,0,0,0,0,0,0,0,0,0,0,0,14,10,4,0,0,0,0,0,0,0,0,2.16,42,65,0,0,0,159,113,109,22
Oday Amro,31,Professional League,2013/2014,Defender,Al Orubah,1602,900,702,Saudi Arabia,21,10,7,0,0,0,0,0,0,0,0,7,3,4,18,11,7,3,0,0,0,0,0,0,0,1.01,89,76,534,0,0.17,158,112,33,12
Hussain Abdoh Al Shaian,29,Professional League,2013/2014,Goalkeeper,Al Shabab,360,180,180,Saudi Arabia,4,2,2,0,0,0,0,0,0,0,0,2,1,1,2,2,0,0,0,0,0,0,0,0,0,0.5,180,90,0,0,0,152,111,4,20
Essa Al Mehyani,35,Professional League,2013/2014,Forward,Al Shabab,762,393,369,Saudi Arabia,18,5,3,3,2,1,0,0,0,0,0,6,3,3,9,5,4,0,0,0.35,0,0.35,0.46,0.24,254,1.06,85,42,0,0,0,31,110,-1,6
Fahad Al Johani,27,Professional League,2013/2014,Forward,Al Raed,953,489,464,Saudi Arabia,17,5,4,3,1,2,0,0,0,0,0,4,3,1,16,6,10,5,0,0.28,0,0.28,0.18,0.39,318,1.51,60,56,191,0,0.47,45,124,-1,4
Leandro do Bonfim,34,Professional League,2013/2014,Midfielder,Al Ittihad,1109,686,423,Brazil,15,8,5,3,2,1,0,0,0,0,0,1,1,0,24,9,15,0,0,0.24,0,0.24,0.26,0.21,370,1.95,46,74,0,0,0,54,117,-1,4
Jóbson Leandro Pereira de Oliveira,30,Professional League,2013/2014,Forward,Al Ittihad,702,361,341,Brazil,13,4,4,5,3,2,0,0,0,1,0,1,1,0,18,7,11,2,0,0.64,0,0.64,0.75,0.53,140,2.31,39,54,351,0,0.26,9,125,-1,3
Mohamad Haidar,28,Professional League,2013/2014,Forward,Al Ittihad,1041,519,522,Lebanon,19,5,6,1,1,0,0,0,0,0,0,2,2,0,23,6,17,2,0,0.09,0,0.09,0.17,0,1041,1.99,45,55,521,0,0.17,111,135,-1,13
João Fernando Nelo,39,Professional League,2013/2014,Forward,Al Ittihad,140,89,51,Brazil,5,1,1,1,1,0,0,0,0,0,0,1,1,0,3,0,3,0,0,0.64,0,0.64,1.01,0,140,1.93,47,28,0,0,0,-1,-1,-1,11
Shafi Hathal Al Dossari,28,Professional League,2013/2014,Defender,Al Fateh,321,58,263,Saudi Arabia,7,1,3,0,0,0,0,0,0,0,0,1,1,0,7,0,7,1,0,0,0,0,0,0,0,1.96,46,46,321,0,0.28,171,141,105,11
Bader Al Khames,34,Professional League,2013/2014,Forward,Al Fateh,724,392,332,Saudi Arabia,21,4,3,3,3,0,0,0,0,0,0,3,3,0,10,3,7,4,1,0.37,0,0.37,0.69,0,241,1.24,72,34,181,0,0.5,29,140,-1,4
Ali Al Mazidi,33,Professional League,2013/2014,Goalkeeper,Al Fateh,990,540,450,Saudi Arabia,11,6,5,0,0,0,0,0,0,0,0,1,1,0,15,5,10,1,0,0,0,0,0,0,0,1.36,66,90,990,0,0.09,192,139,69,10
Ammar Jemal,31,Professional League,2013/2014,Defender,Al Fateh,1620,900,720,Tunisia,18,10,8,0,0,0,0,0,0,0,0,3,3,0,25,10,15,8,0,0,0,0,0,0,0,1.39,65,90,203,0,0.44,194,138,75,9
Yahya Ateen,28,Professional League,2013/2014,Midfielder,Al Ittifaq,633,318,315,Saudi Arabia,14,3,4,1,1,0,0,0,0,0,0,5,4,1,6,2,4,2,0,0.14,0,0.14,0.28,0,633,0.85,106,45,317,0,0.28,94,137,-1,13
Ibrahim Taher Al Ibrahim,26,Professional League,2013/2014,Midfielder,Al Ittifaq,236,183,53,Saudi Arabia,8,2,0,0,0,0,0,0,0,0,0,4,3,1,3,0,3,0,0,0,0,0,0,0,0,1.14,79,30,0,0,0,-1,-1,-1,17
Islam Hassan Seraj,29,Professional League,2013/2014,Forward,Al Ittifaq,366,71,295,Saudi Arabia,11,0,4,0,0,0,0,0,0,0,0,4,2,2,4,0,4,0,0,0,0,0,0,0,0,0.98,92,33,0,0,0,195,136,-1,16
Ahmad Mohammed Al Kaabi,30,Professional League,2013/2014,Midfielder,Al Shoalah,244,93,151,Saudi Arabia,9,0,1,0,0,0,0,0,0,0,0,1,0,1,9,3,6,0,0,0,0,0,0,0,0,3.32,27,27,0,0,0,-1,-1,-1,12
Fahad Al Munaif,28,Professional League,2013/2014,Forward,Al Shoalah,871,440,431,Saudi Arabia,18,4,4,2,1,1,0,0,0,0,0,4,2,2,15,6,9,0,0,0.21,0,0.21,0.2,0.21,436,1.55,58,48,0,0,0,69,134,-1,5
Majed Al Jafari,32,Professional League,2013/2014,Defender,Najran,1187,516,671,Saudi Arabia,15,6,8,0,0,0,0,0,0,0,0,2,1,1,18,5,13,2,1,0,0,0,0,0,0,1.36,66,79,396,0,0.23,196,127,70,19
Yasser Ali Al Mohammed,26,Professional League,2013/2014,Midfielder,Najran,622,251,371,Saudi Arabia,14,3,5,0,0,0,0,0,0,0,0,3,3,0,19,7,12,2,0,0,0,0,0,0,0,2.75,33,44,311,0,0.29,197,133,-1,18
Madallah Alolayan,24,Professional League,2013/2014,Midfielder,Al Taawon,1511,803,708,Saudi Arabia,22,9,9,0,0,0,0,0,0,0,0,5,2,3,14,5,9,2,0,0,0,0,0,0,0,0.83,108,69,756,0,0.12,198,132,-1,16
Abdul Rahman Najr Al Harbi,26,Professional League,2013/2014,Midfielder,Al Taawon,191,152,39,Saudi Arabia,9,1,0,0,0,0,0,0,0,0,0,1,0,1,2,1,1,1,0,0,0,0,0,0,0,0.94,96,21,191,0,0.47,-1,-1,-1,17
Sultan Al Yami,31,Professional League,2013/2014,Defender,Al Faisaly,1073,546,527,Saudi Arabia,13,7,6,0,0,0,0,0,0,0,0,5,4,1,12,5,7,3,0,0,0,0,0,0,0,1.01,89,83,358,0,0.25,199,131,34,15
Mansour Hamzi,26,Professional League,2013/2014,Forward,Al Faisaly,880,475,405,Saudi Arabia,21,4,5,2,2,0,0,0,0,0,0,5,4,1,9,6,3,0,0,0.2,0,0.2,0.38,0,440,0.92,98,42,0,0,0,70,130,-1,6
Abdulaziz Saeed Al Dawsari,30,Professional League,2013/2014,Midfielder,Al Hilal,1194,564,630,Saudi Arabia,20,6,6,2,1,1,0,0,0,0,0,7,4,3,10,3,7,3,0,0.15,0,0.15,0.16,0.14,597,0.75,119,60,398,0,0.23,87,129,-1,8
Fahad Al Malki,26,Professional League,2013/2014,Forward,Al Nahdha,313,121,192,Saudi Arabia,9,1,2,1,0,1,0,0,0,0,0,1,1,0,10,2,8,0,0,0.29,0,0.29,0,0.47,313,2.88,31,35,0,0,0,41,128,-1,7
Abdulaziz Takroni,26,Professional League,2013/2014,Goalkeeper,Al Ittihad,180,90,90,Saudi Arabia,2,1,1,0,0,0,0,0,0,0,0,0,0,0,5,2,3,0,0,0,0,0,0,0,0,2.5,36,90,0,0,0,-1,-1,-1,20
Husein Al Shuwaish,30,Professional League,2013/2014,Defender,Al Raed,1611,891,720,Saudi Arabia,18,10,8,1,0,1,0,0,0,0,0,7,4,3,20,9,11,2,0,0.06,0,0.06,0,0.13,1611,1.12,81,90,806,0,0.11,129,126,44,7
Mohammad Mustafa Hassan Ali,29,Professional League,2013/2014,Defender,Al Shoalah,1369,649,720,Jordan,18,7,8,1,0,1,0,0,0,0,0,2,1,1,32,11,21,4,1,0.07,0,0.07,0,0.13,1369,2.1,43,76,274,0,0.33,123,107,108,7
Abdullah Al Huwail,29,Professional League,2013/2014,Forward,Najran,117,80,37,Saudi Arabia,4,1,0,1,0,1,0,0,0,0,0,2,2,0,2,0,2,0,0,0.77,0,0.77,0,2.43,117,1.54,59,29,0,0,0,-1,-1,-1,6
Zakarya Al Hadaf,40,Professional League,2013/2014,Defender,Al Nahdha,663,362,301,Saudi Arabia,9,4,4,0,0,0,0,0,0,0,0,3,1,2,12,9,3,2,0,0,0,0,0,0,0,1.63,55,74,332,0,0.27,202,90,96,19
Younis Mahmoud Khalaf,35,Professional League,2013/2014,Forward,Al Ahli,410,260,150,Iraq,6,3,2,3,1,2,0,0,0,0,0,2,1,1,3,3,0,1,0,0.66,0,0.66,0.35,1.2,137,0.66,137,68,410,0,0.22,8,106,-1,7
Khaled Al Obod,28,Professional League,2013/2014,Midfielder,Al Ittifaq,164,0,164,Saudi Arabia,3,0,2,0,0,0,0,0,0,0,0,0,0,0,5,0,5,0,0,0,0,0,0,0,0,2.74,33,55,0,0,0,-1,-1,-1,15
Mohammed Kanoo,24,Professional League,2013/2014,Midfielder,Al Ittifaq,1291,706,585,Saudi Arabia,16,8,6,3,2,1,0,0,0,0,0,4,3,1,21,12,9,3,1,0.21,0,0.21,0.25,0.15,430,1.46,61,81,430,0,0.21,65,87,-1,3
Jamal Ba Jandooh,26,Professional League,2013/2014,Midfielder,Al Ittihad,898,478,420,Saudi Arabia,13,5,4,1,1,0,0,0,0,0,0,1,1,0,18,8,10,0,0,0.1,0,0.1,0.19,0,898,1.8,50,69,0,0,0,102,86,-1,10
Jamaan Al Jamaan,37,Professional League,2013/2014,Defender,Al Ittifaq,1350,720,630,Saudi Arabia,15,8,7,0,0,0,0,0,0,0,0,4,3,1,20,9,11,2,0,0,0,0,0,0,0,1.33,68,90,675,0,0.13,203,85,67,14
Yasser Saeed Al Qahtani,36,Professional League,2013/2014,Forward,Al Hilal,820,520,300,Saudi Arabia,16,6,2,5,3,2,0,0,0,1,0,5,4,1,7,3,4,2,0,0.55,0,0.55,0.52,0.6,164,0.77,117,51,410,0,0.22,14,84,-1,3
Fahad Muqbil Al Rashidi,27,Professional League,2013/2014,Midfielder,Al Orubah,783,369,414,Saudi Arabia,12,5,5,0,0,0,0,0,0,0,0,2,0,2,12,9,3,1,0,0,0,0,0,0,0,1.38,65,65,783,0,0.11,205,83,-1,11
Thamer Al Meshauqeh,27,Professional League,2013/2014,Forward,Al Taawon,171,1,170,Saudi Arabia,7,0,3,0,0,0,0,0,0,0,0,1,0,1,3,0,3,0,0,0,0,0,0,0,0,1.58,57,24,0,0,0,-1,-1,-1,18
Naef Al Harthee,34,Professional League,2013/2014,Defender,Al Taawon,132,6,126,Saudi Arabia,4,0,1,0,0,0,0,0,0,0,0,1,1,0,4,0,4,0,0,0,0,0,0,0,0,2.73,33,33,0,0,0,-1,-1,-1,19
Victor Simões de Oliveira,37,Professional League,2013/2014,Forward,Al Ahli,253,172,81,Brazil,4,1,1,2,1,1,0,0,0,0,0,2,1,1,3,3,0,1,0,0.71,0,0.71,0.52,1.11,127,1.07,84,63,253,0,0.36,-1,-1,-1,9
Majed Al Khaibari,27,Professional League,2013/2014,Defender,Al Ahli,110,77,33,Saudi Arabia,3,1,0,0,0,0,0,0,0,0,0,0,0,0,1,1,0,2,0,0,0,0,0,0,0,0.82,110,37,55,0,1.64,-1,-1,-1,23
Ammar Al Daheem,25,Professional League,2013/2014,Defender,Al Ittihad,90,0,90,Saudi Arabia,1,0,1,0,0,0,0,0,0,0,0,0,0,0,3,0,3,1,0,0,0,0,0,0,0,3,30,90,90,0,1,-1,-1,-1,19
Talal Alabsi,25,Professional League,2013/2014,Defender,Al Ittihad,1187,540,647,Saudi Arabia,14,6,7,0,0,0,0,0,0,0,0,1,1,0,24,10,14,4,0,0,0,0,0,0,0,1.82,49,85,297,0,0.3,206,82,102,18
Abdullah Hamdan Al Shammari,26,Professional League,2013/2014,Goalkeeper,Al Nassr,284,104,180,Saudi Arabia,4,2,2,0,0,0,0,0,0,0,0,0,0,0,5,2,3,1,1,0,0,0,0,0,0,1.58,57,71,142,0,0.63,207,80,93,17
Abdulmohsen Al Asiri,28,Professional League,2013/2014,Defender,Al Nassr,57,57,0,Saudi Arabia,1,1,0,0,0,0,0,0,0,0,0,0,0,0,2,2,0,0,0,0,0,0,0,0,0,3.16,29,57,0,0,0,-1,-1,-1,16
Hossain Al-Nagai,35,Professional League,2013/2014,Midfielder,Al Nahdha,112,12,100,Saudi Arabia,6,0,1,0,0,0,0,0,0,0,0,0,0,0,4,0,4,1,0,0,0,0,0,0,0,3.21,28,19,112,0,0.8,-1,-1,-1,18
Obaid Al Shamrani,33,Professional League,2013/2014,Defender,Al Nahdha,78,78,0,Saudi Arabia,1,1,0,0,0,0,0,0,0,0,0,0,0,0,2,2,0,0,0,0,0,0,0,0,0,2.31,39,78,0,0,0,-1,-1,-1,17
Yasser Al Mutairi,48,Professional League,2013/2014,Defender,Al Raed,1107,496,611,Saudi Arabia,14,6,8,0,0,0,0,0,0,0,0,7,4,3,14,5,9,1,0,0,0,0,0,0,0,1.14,79,79,1107,0,0.08,208,73,50,12
Mohammed Amman Al Harbi,30,Professional League,2013/2014,Defender,Al Ahli,1260,720,540,Saudi Arabia,15,8,7,1,1,0,0,0,0,0,0,4,1,3,13,9,4,5,1,0.07,0,0.07,0.13,0,1260,0.93,97,84,252,0,0.36,124,79,23,12
Yasser Abdullah Al Mosailem,34,Professional League,2013/2014,Goalkeeper,Al Ahli,90,90,0,Saudi Arabia,1,1,0,0,0,0,0,0,0,0,0,0,0,0,1,1,0,0,0,0,0,0,0,0,0,1,90,90,0,0,0,-1,-1,-1,24
Tamim Al Dawsari,29,Professional League,2013/2014,Midfielder,Al Shoalah,222,78,144,Saudi Arabia,7,0,2,0,0,0,0,0,0,0,0,2,1,1,1,1,0,0,0,0,0,0,0,0,0,0.41,222,32,0,0,0,-1,-1,-1,11
Abdulelah Al Nassar,27,Professional League,2013/2014,Midfielder,Al Orubah,420,189,231,Saudi Arabia,12,1,2,1,0,1,0,0,0,0,0,2,1,1,7,5,2,1,0,0.21,0,0.21,0,0.39,420,1.5,60,35,420,0,0.21,67,78,-1,7
Waleed Handi Al Raja,36,Professional League,2013/2014,Defender,Al Nahdha,1250,710,540,Saudi Arabia,14,8,6,0,0,0,0,0,0,0,0,3,3,0,27,8,19,3,0,0,0,0,0,0,0,1.94,46,89,417,0,0.22,201,77,104,16
Faisal Al Khaldi,37,Professional League,2013/2014,Goalkeeper,Al Nahdha,180,90,90,Saudi Arabia,2,1,1,0,0,0,0,0,0,0,0,0,0,0,5,1,4,0,0,0,0,0,0,0,0,2.5,36,90,0,0,0,-1,-1,-1,14
Sultan Al Bishi,28,Professional League,2013/2014,Defender,Al Hilal,403,264,139,Saudi Arabia,8,3,2,0,0,0,0,0,0,0,0,7,5,2,0,0,0,0,0,0,0,0,0,0,0,0,0,50,0,0,0,191,76,1,16
Kamil Al Mor,35,Professional League,2013/2014,Defender,Al Nassr,360,90,270,Saudi Arabia,4,1,3,0,0,0,0,0,0,0,0,0,0,0,4,1,3,0,0,0,0,0,0,0,0,1,90,90,0,0,0,182,75,27,13
Abdulelah Al Fahad,26,Professional League,2013/2014,Midfielder,Al Faisaly,89,67,22,Saudi Arabia,3,1,0,0,0,0,0,0,0,0,0,0,0,0,4,2,2,0,0,0,0,0,0,0,0,4.04,22,30,0,0,0,-1,-1,-1,14
Ahmad Al Turky,24,Professional League,2013/2014,Forward,Al Taawon,591,357,234,Saudi Arabia,14,3,3,1,1,0,0,0,0,0,0,5,2,3,5,3,2,0,0,0.15,0,0.15,0.25,0,591,0.76,118,42,0,0,0,88,74,-1,7
Abdulmajeed Mohammed Al Sulaiheem,24,Professional League,2013/2014,Midfielder,Al Shabab,432,160,272,Saudi Arabia,12,2,3,1,1,0,0,0,0,0,0,4,4,0,9,2,7,0,0,0.21,0,0.21,0.56,0,432,1.88,48,36,0,0,0,66,88,-1,15
Mubarak Al Sultan,25,Professional League,2013/2014,Midfielder,Al Fateh,175,77,98,Saudi Arabia,8,1,1,0,0,0,0,0,0,0,0,1,1,0,2,1,1,0,0,0,0,0,0,0,0,1.03,88,22,0,0,0,-1,-1,-1,20
Marjaa Al Yami,34,Professional League,2013/2014,Defender,Najran,62,62,0,Saudi Arabia,1,1,0,0,0,0,0,0,0,0,0,1,1,0,0,0,0,0,0,0,0,0,0,0,0,0,0,62,0,0,0,-1,-1,-1,16
Turky Al Khodair,31,Professional League,2013/2014,Midfielder,Al Ittihad,46,0,46,Saudi Arabia,1,0,1,0,0,0,0,0,0,0,0,0,0,0,3,0,3,0,0,0,0,0,0,0,0,5.87,15,46,0,0,0,-1,-1,-1,16
Yuseef Khamees,28,Professional League,2013/2014,Defender,Najran,542,196,346,Saudi Arabia,7,2,4,0,0,0,0,0,0,0,0,2,1,1,6,2,4,1,0,0,0,0,0,0,0,1,90,77,542,0,0.17,176,81,30,15
Sultan Al Sharif,26,Professional League,2013/2014,Midfielder,Najran,954,456,498,Saudi Arabia,13,5,6,0,0,0,0,0,0,0,0,3,2,1,13,5,8,5,1,0,0,0,0,0,0,1.23,73,73,191,0,0.47,177,89,-1,14
Mishari Al Thmali,26,Professional League,2013/2014,Midfielder,Al Faisaly,974,450,524,Saudi Arabia,12,5,6,1,0,1,0,0,0,0,0,3,2,1,11,3,8,1,0,0.09,0,0.09,0,0.17,974,1.02,89,81,974,0,0.09,112,99,-1,10
Ayman Ftinei,23,Professional League,2013/2014,Midfielder,Al Nassr,171,2,169,Saudi Arabia,4,0,2,0,0,0,0,0,0,0,0,0,0,0,1,0,1,1,0,0,0,0,0,0,0,0.53,171,43,171,0,0.53,-1,-1,-1,15
Majed Ali,32,Professional League,2013/2014,Defender,Al Shoalah,593,272,321,Saudi Arabia,8,3,4,0,0,0,0,0,0,0,0,5,2,3,3,2,1,3,1,0,0,0,0,0,0,0.46,198,74,198,0,0.46,178,105,3,21
Hadi Yahya Khmakg,28,Professional League,2013/2014,Defender,Al Shabab,455,270,185,Saudi Arabia,6,3,2,0,0,0,0,0,0,0,0,2,1,1,6,4,2,1,0,0,0,0,0,0,0,1.19,76,76,455,0,0.2,179,104,52,17
Hani Al Nahidh,31,Professional League,2013/2014,Goalkeeper,Al Ittihad,330,180,150,Saudi Arabia,4,2,1,0,0,0,0,0,0,0,0,0,0,0,6,3,3,1,0,0,0,0,0,0,0,1.64,55,83,330,0,0.27,180,103,97,17
Faisal Maodah,27,Professional League,2013/2014,Defender,Najran,87,0,87,Saudi Arabia,1,0,1,0,0,0,0,0,0,0,0,0,0,0,3,0,3,0,0,0,0,0,0,0,0,3.1,29,87,0,0,0,-1,-1,-1,13
Luís Leal dos Anjos,31,Professional League,2013/2014,Forward,Al Ahli,695,353,342,São Tomé e Príncipe,9,4,4,7,4,3,0,0,0,0,0,3,1,2,4,3,1,0,0,0.91,0,0.91,1.02,0.79,99,0.52,174,77,0,0,0,4,102,-1,2
Abdel Habib Jacob Meïté,27,Professional League,2013/2014,Midfielder,Al Nahdha,1080,450,630,Côte d'Ivoire,12,5,7,1,0,1,0,0,0,0,0,3,2,1,27,6,21,5,0,0.08,0,0.08,0,0.14,1080,2.25,40,90,216,0,0.42,117,101,-1,9
Abdulaziz Al Harbi,34,Professional League,2013/2014,Defender,Al Nahdha,81,15,66,Saudi Arabia,5,0,1,0,0,0,0,0,0,0,0,3,2,1,2,0,2,0,0,0,0,0,0,0,0,2.22,41,16,0,0,0,-1,-1,-1,13
Jean Jules Bapidi Fils,29,Professional League,2013/2014,Defender,Al Orubah,779,421,358,Cameroon,9,5,4,0,0,0,0,0,0,0,0,2,2,0,12,8,4,6,1,0,0,0,0,0,0,1.39,65,87,130,0,0.69,181,100,77,20
Naif Ali Al Qadi,39,Professional League,2013/2014,Defender,Al Shabab,90,90,0,Saudi Arabia,1,1,0,0,0,0,0,0,0,0,0,0,0,0,3,3,0,0,0,0,0,0,0,0,0,3,30,90,0,0,0,-1,-1,-1,16
Murilo Ribeiro de Almeida,29,Professional League,2013/2014,Forward,Al Ittifaq,354,241,113,Timor-Leste,6,3,1,0,0,0,0,0,0,0,0,1,1,0,8,5,3,2,0,0,0,0,0,0,0,2.03,44,59,177,0,0.51,183,98,-1,26
Sadick Adams,28,Professional League,2013/2014,Forward,Al Nahdha,788,315,473,Ghana,10,4,5,3,1,2,0,0,0,0,0,2,2,0,22,4,18,2,0,0.34,0,0.34,0.29,0.38,263,2.51,36,79,394,0,0.23,34,91,-1,3
Emad Ali Sulaiman Al Hosani,34,Professional League,2013/2014,Forward,Al Nassr,236,118,118,Oman,5,1,2,2,1,1,0,0,0,0,0,3,2,1,1,0,1,0,0,0.76,0,0.76,0.76,0.76,118,0.38,236,47,0,0,0,-1,-1,-1,9
Reinaldo José Zacarias da Silva,34,Professional League,2013/2014,Midfielder,Al Faisaly,430,206,224,Brazil,9,2,2,0,0,0,0,0,0,0,0,1,1,0,10,3,7,1,0,0,0,0,0,0,0,2.09,43,48,430,0,0.21,185,97,-1,13
Marcelo da Paixão Ramos Nicácio,35,Professional League,2013/2014,Forward,Al Faisaly,615,343,272,Brazil,9,4,3,4,3,1,0,0,0,0,0,1,1,0,9,1,8,2,0,0.59,0,0.59,0.79,0.33,154,1.32,68,68,308,0,0.29,11,96,-1,2
Mourad Delhoum,33,Professional League,2013/2014,Midfielder,Al Nassr,106,106,0,Algeria,2,1,0,0,0,0,0,0,0,0,0,0,0,0,1,1,0,1,0,0,0,0,0,0,0,0.85,106,53,106,0,0.85,-1,-1,-1,28
Juan Pablo Rodríguez Conde,36,Professional League,2013/2014,Midfielder,Al Ittihad,454,245,209,Uruguay,6,3,2,1,0,1,0,0,0,0,0,0,0,0,10,5,5,0,0,0.2,0,0.2,0,0.43,454,1.98,45,76,0,0,0,73,95,-1,15
Matheus Bettio Gotler,26,Professional League,2013/2014,Midfielder,Najran,368,156,212,Brazil,8,1,2,1,1,0,0,0,0,0,0,2,1,1,6,3,3,1,0,0.24,0,0.24,0.58,0,368,1.47,61,46,368,0,0.24,51,94,-1,7
Rodrigo Júnior Paula Silva,30,Professional League,2013/2014,Defender,Al Hilal,717,360,357,Brazil,8,4,4,0,0,0,0,0,0,0,0,6,4,2,2,0,2,0,0,0,0,0,0,0,0,0.25,359,90,0,0,0,188,93,2,15
Ahmed Mohammed Sharahili,24,Professional League,2013/2014,Defender,Al Hilal,90,90,0,Saudi Arabia,1,1,0,0,0,0,0,0,0,0,0,1,1,0,0,0,0,0,0,0,0,0,0,0,0,0,0,90,0,0,0,-1,-1,-1,14
Eric De Oliveira Pereira,32,Professional League,2013/2014,Midfielder,Al Ahli,654,295,359,Brazil,9,4,4,1,0,1,0,0,0,0,0,3,1,2,3,2,1,0,0,0.14,0,0.14,0,0.25,654,0.41,218,73,0,0,0,90,92,-1,11
Imad Khalili,31,Professional League,2013/2014,Forward,Al Shabab,373,227,146,Palestine,6,2,2,2,2,0,0,0,0,0,0,1,1,0,8,5,3,0,0,0.48,0,0.48,0.79,0,187,1.93,47,62,0,0,0,18,285,-1,8
Yaseen Barnawi,25,Professional League,2013/2014,Defender,Al Faisaly,98,0,98,Saudi Arabia,2,0,1,0,0,0,0,0,0,0,0,0,0,0,5,0,5,0,0,0,0,0,0,0,0,4.59,20,49,0,0,0,-1,-1,-1,24
Jufain Ali Al Bishi,31,Professional League,2013/2014,Defender,Al Raed,102,12,90,Saudi Arabia,2,0,1,0,0,0,0,0,0,0,0,0,0,0,1,0,1,1,0,0,0,0,0,0,0,0.88,102,51,102,0,0.88,-1,-1,-1,11
Raed Al Johani,31,Professional League,2013/2014,Forward,Najran,114,107,7,Saudi Arabia,5,1,0,0,0,0,0,0,0,0,0,0,0,0,5,5,0,1,0,0,0,0,0,0,0,3.95,23,23,114,0,0.79,-1,-1,-1,12
Abdulaziz Al Azemi,27,Professional League,2013/2014,Midfielder,Najran,236,146,90,Saudi Arabia,4,2,1,0,0,0,0,0,0,0,0,0,0,0,3,1,2,2,0,0,0,0,0,0,0,1.14,79,59,118,0,0.76,-1,-1,-1,11
Abdullah Abdulkarim Al Shamekh,25,Professional League,2013/2014,Defender,Al Hilal,90,90,0,Saudi Arabia,1,1,0,0,0,0,0,0,0,0,0,1,1,0,0,0,0,0,0,0,0,0,0,0,0,0,0,90,0,0,0,-1,-1,-1,25
Fahad Al-Sobaie,28,Professional League,2013/2014,Midfielder,Al Raed,193,95,98,Saudi Arabia,4,1,1,0,0,0,0,0,0,0,0,1,1,0,4,1,3,1,0,0,0,0,0,0,0,1.87,48,48,193,0,0.47,-1,-1,-1,23
Hamid Fallath,30,Professional League,2013/2014,Midfielder,Al Nahdha,88,20,68,Saudi Arabia,4,0,1,0,0,0,0,0,0,0,0,0,0,0,4,1,3,0,0,0,0,0,0,0,0,4.09,22,22,0,0,0,-1,-1,-1,15
Faisal Al Harbi,48,Professional League,2013/2014,Midfielder,Al Nahdha,90,0,90,Saudi Arabia,1,0,1,0,0,0,0,0,0,0,0,0,0,0,2,0,2,0,0,0,0,0,0,0,0,2,45,90,0,0,0,-1,-1,-1,31
Nawaf Al Sabhi,31,Professional League,2013/2014,Defender,Najran,90,90,0,Saudi Arabia,1,1,0,0,0,0,0,0,0,0,0,0,0,0,1,1,0,1,0,0,0,0,0,0,0,1,90,90,90,0,1,-1,-1,-1,27
Sager Otayf,28,Professional League,2013/2014,Forward,Al Shabab,47,47,0,Saudi Arabia,2,1,0,0,0,0,0,0,0,0,0,0,0,0,2,2,0,0,0,0,0,0,0,0,0,3.83,24,24,0,0,0,-1,-1,-1,26
